"Cluster"	"myCluster"	"ID"	"Description"	"GeneRatio"	"BgRatio"	"pvalue"	"p.adjust"	"qvalue"	"geneID"	"Count"
"LTHSC.1"	"LTHSC"	"GO:0019882"	"antigen processing and presentation"	"6/48"	"116/23328"	1.37332779947577e-07	0.000111376884537485	9.17961213333807e-05	"15015/15018/21354/16913/110557/14969"	6
"LTHSC.1"	"LTHSC"	"GO:0001910"	"regulation of leukocyte mediated cytotoxicity"	"5/48"	"105/23328"	2.46383059468335e-06	0.0003330277687147	0.000274479373267356	"93694/15015/15018/21354/110557"	5
"LTHSC.1"	"LTHSC"	"GO:0046596"	"regulation of viral entry into host cell"	"3/48"	"48/23328"	0.000132497191422589	0.00632089542610116	0.00520964189184793	"94094/16852/76681"	3
"LTHSC.1"	"LTHSC"	"GO:0090161"	"Golgi ribbon formation"	"2/48"	"14/23328"	0.000371358176909095	0.0136896127942398	0.0112828919778601	"101706/73130"	2
"LTHSC.1"	"LTHSC"	"GO:0043122"	"regulation of I-kappaB kinase/NF-kappaB signaling"	"4/48"	"185/23328"	0.000567284199319276	0.0176949032941513	0.0145840269865482	"75547/94094/14870/76681"	4
"LTHSC.1"	"LTHSC"	"GO:0002181"	"cytoplasmic translation"	"3/48"	"91/23328"	0.000874695529273333	0.022883163685183	0.0188601582712586	"20090/57808/54217"	3
"LTHSC.1"	"LTHSC"	"GO:0006119"	"oxidative phosphorylation"	"3/48"	"108/23328"	0.00143440598439528	0.0298282885472967	0.0245842861023213	"78330/12866/67530"	3
"LTHSC.1"	"LTHSC"	"GO:0000387"	"spliceosomal snRNP assembly"	"2/48"	"32/23328"	0.00197686584714483	0.0381723381436775	0.0314613988204754	"69878/20643"	2
"LTHSC.1"	"LTHSC"	"GO:0010043"	"response to zinc ion"	"2/48"	"32/23328"	0.00197686584714483	0.0381723381436775	0.0314613988204754	"12925/17025"	2
"LTHSC.1"	"LTHSC"	"GO:0014706"	"striated muscle tissue development"	"5/48"	"447/23328"	0.00219625533397799	0.0393172717096131	0.0324050457986947	"14605/217082/75547/17263/232334"	5
"LTHSC.1"	"LTHSC"	"GO:0006749"	"glutathione metabolic process"	"2/48"	"57/23328"	0.00615637674163723	0.0818495334011114	0.0674598659351103	"14870/14630"	2
"LTHSC.1"	"LTHSC"	"GO:0045840"	"positive regulation of mitotic nuclear division"	"2/48"	"65/23328"	0.00794000619088489	0.0933238408812703	0.076916917333515	"101706/19385"	2
"LTHSC.2"	"LTHSC"	"GO:0048002"	"antigen processing and presentation of peptide antigen"	"9/61"	"72/23328"	2.31007994355754e-13	2.91025217578744e-10	2.22772718546965e-10	"15015/15018/14972/15039/16149/14961/110557/14969/15040"	9
"LTHSC.2"	"LTHSC"	"GO:0019882"	"antigen processing and presentation"	"10/61"	"116/23328"	4.53663628337871e-13	2.91025217578744e-10	2.22772718546965e-10	"15015/15018/14972/15039/16149/14961/16913/110557/14969/15040"	10
"LTHSC.2"	"LTHSC"	"GO:0001916"	"positive regulation of T cell mediated cytotoxicity"	"7/61"	"51/23328"	6.19855081068254e-11	2.65091356336857e-08	2.02920979170765e-08	"15015/15018/14972/15039/110557/19264/15040"	7
"LTHSC.2"	"LTHSC"	"GO:0046596"	"regulation of viral entry into host cell"	"5/61"	"48/23328"	1.62415940349582e-07	6.94598838228379e-06	5.31698499460211e-06	"94094/16149/16852/384309/76681"	5
"LTHSC.2"	"LTHSC"	"GO:0002181"	"cytoplasmic translation"	"4/61"	"91/23328"	9.53930253471987e-05	0.00230923116076332	0.00176766023135921	"20090/57808/54217/225363"	4
"LTHSC.2"	"LTHSC"	"GO:0050870"	"positive regulation of T cell activation"	"5/61"	"200/23328"	0.000177532002429643	0.00421802887254132	0.00322879840676134	"16149/16852/14961/19264/15040"	5
"LTHSC.2"	"LTHSC"	"GO:0043123"	"positive regulation of I-kappaB kinase/NF-kappaB signaling"	"4/61"	"125/23328"	0.000323746172912439	0.00704010745502813	0.00538903085329716	"75547/94094/16149/76681"	4
"LTHSC.2"	"LTHSC"	"GO:0045060"	"negative thymic T cell selection"	"2/61"	"14/23328"	0.000599790286791828	0.0124117893218374	0.00950092253950384	"16149/19264"	2
"LTHSC.2"	"LTHSC"	"GO:0071902"	"positive regulation of protein serine/threonine kinase activity"	"5/61"	"291/23328"	0.000981249292855369	0.0187901916825886	0.0143834342534809	"66197/75547/228355/16149/19264"	5
"LTHSC.2"	"LTHSC"	"GO:0006783"	"heme biosynthetic process"	"2/61"	"22/23328"	0.00150218288555707	0.0256973418955963	0.0196706895750842	"11983/17025"	2
"LTHSC.2"	"LTHSC"	"GO:0000387"	"spliceosomal snRNP assembly"	"2/61"	"32/23328"	0.00317172443765819	0.0447178291595106	0.0342304094891278	"69878/20643"	2
"LTHSC.2"	"LTHSC"	"GO:0010043"	"response to zinc ion"	"2/61"	"32/23328"	0.00317172443765819	0.0447178291595106	0.0342304094891278	"12925/17025"	2
"LTHSC.2"	"LTHSC"	"GO:0002792"	"negative regulation of peptide secretion"	"3/61"	"116/23328"	0.00349570273772677	0.0467186105469109	0.0357619589287179	"13121/228355/16149"	3
"LTHSC.2"	"LTHSC"	"GO:0051607"	"defense response to virus"	"4/61"	"239/23328"	0.00354992853426463	0.046954209375892	0.0359423040962442	"94094/384309/76681/19264"	4
"LTHSC.2"	"LTHSC"	"GO:0042176"	"regulation of protein catabolic process"	"5/61"	"395/23328"	0.00371194362838497	0.0481052896486658	0.0368234280200232	"13121/13194/84092/11983/17025"	5
"LTHSC.2"	"LTHSC"	"GO:0043244"	"regulation of protein-containing complex disassembly"	"3/61"	"128/23328"	0.00460509646690829	0.0559107224229154	0.0427982967720228	"225363/20740/13860"	3
"LTHSC.2"	"LTHSC"	"GO:0051693"	"actin filament capping"	"2/61"	"41/23328"	0.00516501612083975	0.0597001412886252	0.0456990046538026	"20740/13860"	2
"LTHSC.2"	"LTHSC"	"GO:0009411"	"response to UV"	"3/61"	"138/23328"	0.00567526060311592	0.0611878937293927	0.0468378429253176	"71101/13194/12925"	3
"LTHSC.2"	"LTHSC"	"GO:0010506"	"regulation of autophagy"	"4/61"	"278/23328"	0.00604843534444626	0.0636077257944636	0.048690165456155	"94094/60440/76681/11983"	4
"LTHSC.2"	"LTHSC"	"GO:0046148"	"pigment biosynthetic process"	"2/61"	"53/23328"	0.00850712274360996	0.0763261432171439	0.0584258043414656	"11983/17025"	2
"LTHSC.2"	"LTHSC"	"GO:0006289"	"nucleotide-excision repair"	"2/61"	"56/23328"	0.00945967352576267	0.0815912576786315	0.0624561212734653	"71101/13194"	2
"LTHSC.2"	"LTHSC"	"GO:0018212"	"peptidyl-tyrosine modification"	"4/61"	"325/23328"	0.0103525879003732	0.0863700170849694	0.0661141452518985	"11804/22022/16149/19264"	4
"STHSC.1"	"STHSC"	"GO:0042771"	"intrinsic apoptotic signaling pathway in response to DNA damage by p53 class mediator"	"3/25"	"43/23328"	1.30425598422357e-05	0.00962540916356996	0.00642517684859612	"66940/16149/67941"	3
"STHSC.1"	"STHSC"	"GO:0045088"	"regulation of innate immune response"	"4/25"	"181/23328"	3.90393127474621e-05	0.0144055064038135	0.00961599913990118	"15950/100040462/93694/16149"	4
"STHSC.1"	"STHSC"	"GO:0001819"	"positive regulation of cytokine production"	"5/25"	"449/23328"	9.98487451042024e-05	0.0184220934717253	0.0122971612391491	"18987/100040462/16149/16994/50701"	5
"STHSC.1"	"STHSC"	"GO:0002831"	"regulation of response to biotic stimulus"	"4/25"	"291/23328"	0.000244005138747395	0.0257251131993683	0.0171720909674859	"15950/100040462/93694/16149"	4
"STHSC.1"	"STHSC"	"GO:1903707"	"negative regulation of hemopoiesis"	"3/25"	"157/23328"	0.000616918734987933	0.0430704132672409	0.0287504684197243	"22695/93694/16149"	3
"STHSC.1"	"STHSC"	"GO:0010837"	"regulation of keratinocyte proliferation"	"2/25"	"35/23328"	0.00064197092945752	0.0430704132672409	0.0287504684197243	"20913/22695"	2
"STHSC.1"	"STHSC"	"GO:0035458"	"cellular response to interferon-beta"	"2/25"	"47/23328"	0.00115718775042386	0.061000325700915	0.0407190877592757	"15950/100040462"	2
"STHSC.1"	"STHSC"	"GO:0042274"	"ribosomal small subunit biogenesis"	"2/25"	"73/23328"	0.00276566860048436	0.0896837600362256	0.059865924542795	"67941/20068"	2
"MPP"	"MPP"	"GO:0009411"	"response to UV"	"6/62"	"138/23328"	1.79920043316993e-06	0.00216263892067026	0.00179541264278431	"12696/15574/12925/12043/50701/17685"	6
"MPP"	"MPP"	"GO:0006281"	"DNA repair"	"9/62"	"481/23328"	4.81029616670356e-06	0.00289098799618884	0.00240008461370262	"269582/71521/22256/15574/27221/56420/18140/17685/20833"	9
"MPP"	"MPP"	"GO:0044403"	"symbiotic process"	"7/62"	"374/23328"	5.93144971629056e-05	0.0178240063974531	0.0147974061343249	"66949/94094/72462/53356/12043/76681/50701"	7
"MPP"	"MPP"	"GO:0000075"	"cell cycle checkpoint"	"5/62"	"180/23328"	0.000117266690145873	0.0209857830474773	0.0174222982126355	"241627/269582/15574/15461/17685"	5
"MPP"	"MPP"	"GO:0000077"	"DNA damage checkpoint"	"4/62"	"105/23328"	0.000176864736094786	0.0209857830474773	0.0174222982126355	"241627/269582/15574/17685"	4
"MPP"	"MPP"	"GO:0045786"	"negative regulation of cell cycle"	"7/62"	"451/23328"	0.000189396485797532	0.0209857830474773	0.0174222982126355	"241627/269582/15574/15461/12043/12571/17685"	7
"MPP"	"MPP"	"GO:0008637"	"apoptotic mitochondrial changes"	"4/62"	"111/23328"	0.000218970162709433	0.0209857830474773	0.0174222982126355	"103172/12043/14630/11740"	4
"MPP"	"MPP"	"GO:0031570"	"DNA integrity checkpoint"	"4/62"	"113/23328"	0.000234482689500188	0.0209857830474773	0.0174222982126355	"241627/269582/15574/17685"	4
"MPP"	"MPP"	"GO:0033314"	"mitotic DNA replication checkpoint"	"2/62"	"10/23328"	0.000308488114039257	0.0209857830474773	0.0174222982126355	"269582/15574"	2
"MPP"	"MPP"	"GO:0051340"	"regulation of ligase activity"	"2/62"	"10/23328"	0.000308488114039257	0.0209857830474773	0.0174222982126355	"100503670/14630"	2
"MPP"	"MPP"	"GO:1902036"	"regulation of hematopoietic stem cell differentiation"	"2/62"	"11/23328"	0.000376395415375118	0.0209857830474773	0.0174222982126355	"15526/12571"	2
"MPP"	"MPP"	"GO:0046902"	"regulation of mitochondrial membrane permeability"	"3/62"	"53/23328"	0.000380938298840692	0.0209857830474773	0.0174222982126355	"103172/12043/11740"	3
"MPP"	"MPP"	"GO:0045930"	"negative regulation of mitotic cell cycle"	"5/62"	"236/23328"	0.000411009419733807	0.0209857830474773	0.0174222982126355	"269582/15574/15461/12043/17685"	5
"MPP"	"MPP"	"GO:0007093"	"mitotic cell cycle checkpoint"	"4/62"	"131/23328"	0.000411754098482765	0.0209857830474773	0.0174222982126355	"269582/15574/15461/17685"	4
"MPP"	"MPP"	"GO:0000209"	"protein polyubiquitination"	"5/62"	"237/23328"	0.000419017298784904	0.0209857830474773	0.0174222982126355	"94094/68612/77891/12043/76681"	5
"MPP"	"MPP"	"GO:0016311"	"dephosphorylation"	"6/62"	"374/23328"	0.000470614854338315	0.0226271621965862	0.0187849634489567	"19253/72462/56420/100503670/76464/12043"	6
"MPP"	"MPP"	"GO:0016446"	"somatic hypermutation of immunoglobulin genes"	"2/62"	"14/23328"	0.00061957086974781	0.0275823772384025	0.0228987596304454	"22256/17685"	2
"MPP"	"MPP"	"GO:0090559"	"regulation of membrane permeability"	"3/62"	"66/23328"	0.000726069794021468	0.0281527707230259	0.0233722976140017	"103172/12043/11740"	3
"MPP"	"MPP"	"GO:0031145"	"anaphase-promoting complex-dependent catabolic process"	"2/62"	"17/23328"	0.000921208004201688	0.0316369148871551	0.0262648176837053	"68612/77891"	2
"MPP"	"MPP"	"GO:0009615"	"response to virus"	"5/62"	"286/23328"	0.000978138667628003	0.0326589632913572	0.0271133174535481	"94094/72462/27027/12043/76681"	5
"MPP"	"MPP"	"GO:0043524"	"negative regulation of neuron apoptotic process"	"4/62"	"182/23328"	0.00140519174931615	0.0411961093336102	0.0342008158755254	"15461/12043/14630/17685"	4
"MPP"	"MPP"	"GO:0034502"	"protein localization to chromosome"	"3/62"	"88/23328"	0.00167041875376097	0.0474151828623848	0.039363861418286	"30877/76464/17685"	3
"MPP"	"MPP"	"GO:1904666"	"regulation of ubiquitin protein ligase activity"	"2/62"	"23/23328"	0.00169621702419513	0.0474151828623848	0.039363861418286	"77891/100503670"	2
"MPP"	"MPP"	"GO:0008630"	"intrinsic apoptotic signaling pathway in response to DNA damage"	"3/62"	"111/23328"	0.00323351026100931	0.0690549226530944	0.0573290714380712	"12925/12043/17685"	3
"MPP"	"MPP"	"GO:0048026"	"positive regulation of mRNA splicing, via spliceosome"	"2/62"	"32/23328"	0.0032746510742316	0.0690549226530944	0.0573290714380712	"12696/19652"	2
"MPP"	"MPP"	"GO:0034260"	"negative regulation of GTPase activity"	"2/62"	"33/23328"	0.00347997416209386	0.0708971007260478	0.0588584389949149	"72462/15461"	2
"MPP"	"MPP"	"GO:0006260"	"DNA replication"	"4/62"	"244/23328"	0.00405188352844772	0.0773073650983199	0.0641802102751618	"71521/27221/15461/20833"	4
"MPP"	"MPP"	"GO:0010921"	"regulation of phosphatase activity"	"3/62"	"123/23328"	0.0043131518410823	0.079161414321355	0.065719433204873	"72462/100503670/76464"	3
"MPP"	"MPP"	"GO:0007568"	"aging"	"4/62"	"251/23328"	0.00447834956227299	0.079161414321355	0.065719433204873	"15461/12043/12571/17685"	4
"MPP"	"MPP"	"GO:0045727"	"positive regulation of translation"	"3/62"	"128/23328"	0.00482007759591351	0.0795971060183728	0.0660811423989994	"12696/100503670/19652"	3
"MPP"	"MPP"	"GO:0032781"	"positive regulation of ATPase activity"	"2/62"	"39/23328"	0.00483410044870317	0.0795971060183728	0.0660811423989994	"56455/17685"	2
"MPP"	"MPP"	"GO:0050931"	"pigment cell differentiation"	"2/62"	"39/23328"	0.00483410044870317	0.0795971060183728	0.0660811423989994	"12512/12043"	2
"MPP"	"MPP"	"GO:0009409"	"response to cold"	"2/62"	"40/23328"	0.00507986041497398	0.0803420028789306	0.0666995522630933	"12696/19652"	2
"MPP"	"MPP"	"GO:0033059"	"cellular pigmentation"	"2/62"	"43/23328"	0.00585093000121692	0.0868249118699104	0.0720816327635301	"12512/12043"	2
"MEG"	"MEG"	"GO:0044403"	"symbiotic process"	"5/26"	"374/23328"	5.14015851631396e-05	0.0214783344328275	0.0159223487060826	"16852/12043/16476/50701/21973"	5
"MEG"	"MEG"	"GO:0050792"	"regulation of viral process"	"4/26"	"201/23328"	6.89254817638763e-05	0.0214783344328275	0.0159223487060826	"16852/12043/16476/21973"	4
"MEG"	"MEG"	"GO:0043903"	"regulation of symbiotic process"	"4/26"	"218/23328"	9.4377141565477e-05	0.0214783344328275	0.0159223487060826	"16852/12043/16476/21973"	4
"MEG"	"MEG"	"GO:0051881"	"regulation of mitochondrial membrane potential"	"3/26"	"81/23328"	9.89810721779192e-05	0.0214783344328275	0.0159223487060826	"22228/12043/14630"	3
"MEG"	"MEG"	"GO:0048524"	"positive regulation of viral process"	"3/26"	"85/23328"	0.000114246459749082	0.0214783344328275	0.0159223487060826	"16852/16476/21973"	3
"MEG"	"MEG"	"GO:0042493"	"response to drug"	"4/26"	"260/23328"	0.000185825205468447	0.0291126155233901	0.021581804564932	"12043/14630/16476/17025"	4
"MEG"	"MEG"	"GO:0008637"	"apoptotic mitochondrial changes"	"3/26"	"111/23328"	0.0002516907124868	0.0337984671053703	0.0250555265663552	"12043/14630/16476"	3
"MEG"	"MEG"	"GO:0046686"	"response to cadmium ion"	"2/26"	"35/23328"	0.000694813875082431	0.0676732025307394	0.0501675924695963	"16476/17025"	2
"MEG"	"MEG"	"GO:0009409"	"response to cold"	"2/26"	"40/23328"	0.000907734726090252	0.0769435290764353	0.0570398838170215	"22228/19652"	2
"MEG"	"MEG"	"GO:0006979"	"response to oxidative stress"	"4/26"	"409/23328"	0.00102539068744857	0.0769435290764353	0.0570398838170215	"22228/12043/14630/16476"	4
"MEG"	"MEG"	"GO:0043524"	"negative regulation of neuron apoptotic process"	"3/26"	"182/23328"	0.00106411263616347	0.0769435290764353	0.0570398838170215	"12043/14630/16476"	3
"MEG"	"MEG"	"GO:0031103"	"axon regeneration"	"2/26"	"53/23328"	0.00158945716130756	0.0923771761966602	0.0684811765310068	"12043/16476"	2
"MEG"	"MEG"	"GO:0002274"	"myeloid leukocyte activation"	"3/26"	"231/23328"	0.002105956739151	0.0926237457839333	0.0686639638398251	"27027/17988/16476"	3
"MEP"	"MEP"	"GO:2001138"	"regulation of phospholipid transport"	"3/67"	"10/23328"	2.67840407040399e-06	0.00197666220395814	0.00154078718365872	"18670/11980/13167"	3
"MEP"	"MEP"	"GO:2001140"	"positive regulation of phospholipid transport"	"3/67"	"10/23328"	2.67840407040399e-06	0.00197666220395814	0.00154078718365872	"18670/11980/13167"	3
"MEP"	"MEP"	"GO:0046034"	"ATP metabolic process"	"7/67"	"253/23328"	8.11470342440574e-06	0.0032551931674743	0.00253738848384639	"12867/22272/12257/108155/67530/27425/57423"	7
"MEP"	"MEP"	"GO:0002709"	"regulation of T cell mediated immunity"	"5/67"	"97/23328"	8.82166170047237e-06	0.0032551931674743	0.00253738848384639	"15015/15018/20737/268564/110557"	5
"MEP"	"MEP"	"GO:0044403"	"symbiotic process"	"8/67"	"374/23328"	1.15799029355162e-05	0.00341838734656437	0.00266459661231982	"94094/13830/16852/11826/13209/76681/16476/50701"	8
"MEP"	"MEP"	"GO:0006119"	"oxidative phosphorylation"	"5/67"	"108/23328"	1.48916844649079e-05	0.00366335437836734	0.00285554581055164	"12867/22272/67530/27425/57423"	5
"MEP"	"MEP"	"GO:0031397"	"negative regulation of protein ubiquitination"	"4/67"	"77/23328"	7.18218804743942e-05	0.0117787883978007	0.00918144039280852	"20115/12257/108155/100503670"	4
"MEP"	"MEP"	"GO:0031330"	"negative regulation of cellular catabolic process"	"6/67"	"250/23328"	8.24158702298441e-05	0.012164582445925	0.00948216275381259	"20115/110147/12257/108155/100503670/13167"	6
"MEP"	"MEP"	"GO:0002486"	"antigen processing and presentation of endogenous peptide antigen via MHC class I via ER pathway, TAP-independent"	"3/67"	"33/23328"	0.000116153131768531	0.0125098299204554	0.00975127949155455	"15015/15018/110557"	3
"MEP"	"MEP"	"GO:0002476"	"antigen processing and presentation of endogenous peptide antigen via MHC class Ib"	"3/67"	"34/23328"	0.000127132417890807	0.0125098299204554	0.00975127949155455	"15015/15018/110557"	3
"MEP"	"MEP"	"GO:0002484"	"antigen processing and presentation of endogenous peptide antigen via MHC class I via ER pathway"	"3/67"	"34/23328"	0.000127132417890807	0.0125098299204554	0.00975127949155455	"15015/15018/110557"	3
"MEP"	"MEP"	"GO:0006275"	"regulation of DNA replication"	"4/67"	"110/23328"	0.000285391700292637	0.0162014672935359	0.0126288715959454	"108686/110147/19718/16476"	4
"MEP"	"MEP"	"GO:0051340"	"regulation of ligase activity"	"2/67"	"10/23328"	0.000360279037144679	0.0180204974113244	0.0140467862434586	"100503670/14630"	2
"MEP"	"MEP"	"GO:0051568"	"histone H3-K4 methylation"	"3/67"	"56/23328"	0.000562939277054598	0.021305086485451	0.0166070885241748	"110147/108155/238247"	3
"MEP"	"MEP"	"GO:0021670"	"lateral ventricle development"	"2/67"	"13/23328"	0.00062101603885818	0.0223565773988945	0.0174267145178945	"11826/13167"	2
"MEP"	"MEP"	"GO:0009411"	"response to UV"	"4/67"	"138/23328"	0.00067323100021925	0.0236592608648479	0.0184421424370837	"11826/268564/22210/50701"	4
"MEP"	"MEP"	"GO:0019755"	"one-carbon compound transport"	"2/67"	"15/23328"	0.000832887129802034	0.0261562000763362	0.020388480019566	"11826/108052"	2
"MEP"	"MEP"	"GO:0042493"	"response to drug"	"5/67"	"260/23328"	0.000910060739676733	0.0267936423585174	0.0208853595049633	"110147/11826/22210/14630/16476"	5
"MEP"	"MEP"	"GO:0042255"	"ribosome assembly"	"3/67"	"66/23328"	0.000910462907439808	0.0267936423585174	0.0208853595049633	"54127/75617/100503670"	3
"MEP"	"MEP"	"GO:0042776"	"mitochondrial ATP synthesis coupled proton transport"	"2/67"	"17/23328"	0.00107479355009079	0.0281336704374007	0.0219298971531016	"27425/57423"	2
"MEP"	"MEP"	"GO:0045123"	"cellular extravasation"	"3/67"	"72/23328"	0.00117215024644355	0.0281336704374007	0.0219298971531016	"19152/20737/50701"	3
"MEP"	"MEP"	"GO:0035994"	"response to muscle stretch"	"2/67"	"19/23328"	0.00134639409534389	0.0301102679504179	0.0234706339108592	"110157/16476"	2
"MEP"	"MEP"	"GO:0051900"	"regulation of mitochondrial depolarization"	"2/67"	"21/23328"	0.0016473503861099	0.032269965759175	0.0251540954034933	"12257/14630"	2
"MEP"	"MEP"	"GO:0015985"	"energy coupled proton transport, down electrochemical gradient"	"2/67"	"24/23328"	0.00215309353682715	0.0353107340039653	0.0275243419386208	"27425/57423"	2
"MEP"	"MEP"	"GO:0006301"	"postreplication repair"	"2/67"	"25/23328"	0.00233599068875699	0.0374774158326665	0.029213247400588	"268564/22210"	2
"MEP"	"MEP"	"GO:0070193"	"synaptonemal complex organization"	"2/67"	"26/23328"	0.00252597713616298	0.0400897016449092	0.031249496432667	"110147/22210"	2
"MEP"	"MEP"	"GO:0006536"	"glutamate metabolic process"	"2/67"	"28/23328"	0.0029270541059477	0.0428505289029189	0.0334015319432965	"18242/14630"	2
"MEP"	"MEP"	"GO:0006364"	"rRNA processing"	"4/67"	"206/23328"	0.00293218388834337	0.0428505289029189	0.0334015319432965	"20115/54127/57808/100503670"	4
"MEP"	"MEP"	"GO:0031295"	"T cell costimulation"	"2/67"	"29/23328"	0.00313806314919401	0.0450174249653785	0.0350906043982019	"16852/20737"	2
"MEP"	"MEP"	"GO:0002438"	"acute inflammatory response to antigenic stimulus"	"2/67"	"32/23328"	0.00381248720019344	0.0493616763814519	0.0384769022143253	"20737/50701"	2
"MEP"	"MEP"	"GO:0002274"	"myeloid leukocyte activation"	"4/67"	"231/23328"	0.00440933088836776	0.0561049344071622	0.0437332001904353	"19267/27027/17988/16476"	4
"MEP"	"MEP"	"GO:0090313"	"regulation of protein targeting to membrane"	"2/67"	"35/23328"	0.00454816529471288	0.056482235323088	0.0440273022451399	"13830/108155"	2
"MEP"	"MEP"	"GO:0051607"	"defense response to virus"	"4/67"	"239/23328"	0.00497150739781941	0.0601470895014873	0.0468840171338794	"94094/27027/20737/76681"	4
"MEP"	"MEP"	"GO:0009409"	"response to cold"	"2/67"	"40/23328"	0.00590751421944031	0.0681396197233463	0.0531141095119224	"231507/19652"	2
"MEP"	"MEP"	"GO:0031647"	"regulation of protein stability"	"4/67"	"287/23328"	0.00937331994438694	0.0898377937526956	0.0700276055995552	"20115/233812/22210/100503670"	4
"MEP"	"MEP"	"GO:0007129"	"homologous chromosome pairing at meiosis"	"2/67"	"53/23328"	0.0101895531371794	0.0964088489133129	0.0751496732721802	"110147/22210"	2
"MEP"	"MEP"	"GO:0014009"	"glial cell proliferation"	"2/67"	"54/23328"	0.0105620055930941	0.0974345015962932	0.0759491586398149	"12257/13167"	2
"MEP"	"MEP"	"GO:0007611"	"learning or memory"	"4/67"	"299/23328"	0.010773310410821	0.0978670802383761	0.0762863490946692	"110147/11980/16476/13167"	4
"MEP"	"MEP"	"GO:0048538"	"thymus development"	"2/67"	"56/23328"	0.0113247769830464	0.0994962549224791	0.0775562734490584	"268564/110157"	2
"CFUe"	"CFUe"	"GO:0046034"	"ATP metabolic process"	"8/29"	"253/23328"	6.04076892750783e-10	6.19178815069553e-07	4.24761436165814e-07	"67267/12867/22272/17319/11958/27425/12859/66152"	8
"CFUe"	"CFUe"	"GO:0006119"	"oxidative phosphorylation"	"6/29"	"108/23328"	3.72735386011696e-09	1.91026885330994e-06	1.31045914660954e-06	"67267/12867/22272/27425/12859/66152"	6
"CFUe"	"CFUe"	"GO:0015985"	"energy coupled proton transport, down electrochemical gradient"	"3/29"	"24/23328"	3.43500602046841e-06	0.00039501779738203	0.000270985251503154	"11958/27425/12859"	3
"CFUe"	"CFUe"	"GO:0015986"	"ATP synthesis coupled proton transport"	"3/29"	"24/23328"	3.43500602046841e-06	0.00039501779738203	0.000270985251503154	"11958/27425/12859"	3
"CFUe"	"CFUe"	"GO:0002486"	"antigen processing and presentation of endogenous peptide antigen via MHC class I via ER pathway, TAP-independent"	"3/29"	"33/23328"	9.19018136077961e-06	0.000860242577198555	0.000590133033703347	"15018/14972/110557"	3
"CFUe"	"CFUe"	"GO:0002476"	"antigen processing and presentation of endogenous peptide antigen via MHC class Ib"	"3/29"	"34/23328"	1.0071132611105e-05	0.000860242577198555	0.000590133033703347	"15018/14972/110557"	3
"CFUe"	"CFUe"	"GO:0002484"	"antigen processing and presentation of endogenous peptide antigen via MHC class I via ER pathway"	"3/29"	"34/23328"	1.0071132611105e-05	0.000860242577198555	0.000590133033703347	"15018/14972/110557"	3
"CFUe"	"CFUe"	"GO:0001916"	"positive regulation of T cell mediated cytotoxicity"	"3/29"	"51/23328"	3.45543023789794e-05	0.00186411368097126	0.00127879634288965	"15018/14972/110557"	3
"CFUe"	"CFUe"	"GO:0017062"	"respiratory chain complex III assembly"	"2/29"	"10/23328"	6.67345378530082e-05	0.00265025201882444	0.00181809329763771	"67267/66152"	2
"CFUe"	"CFUe"	"GO:0034551"	"mitochondrial respiratory chain complex III assembly"	"2/29"	"10/23328"	6.67345378530082e-05	0.00265025201882444	0.00181809329763771	"67267/66152"	2
"CFUe"	"CFUe"	"GO:0045840"	"positive regulation of mitotic nuclear division"	"3/29"	"65/23328"	7.16342390378507e-05	0.00265025201882444	0.00181809329763771	"11799/20698/71175"	3
"CFUe"	"CFUe"	"GO:0045787"	"positive regulation of cell cycle"	"5/29"	"358/23328"	7.25935432715599e-05	0.00265025201882444	0.00181809329763771	"66197/11799/17319/20698/71175"	5
"CFUe"	"CFUe"	"GO:0001516"	"prostaglandin biosynthetic process"	"2/29"	"29/23328"	0.000593336688838385	0.0106696509834973	0.00731946275427592	"17319/20698"	2
"CFUe"	"CFUe"	"GO:0046457"	"prostanoid biosynthetic process"	"2/29"	"29/23328"	0.000593336688838385	0.0106696509834973	0.00731946275427592	"17319/20698"	2
"CFUe"	"CFUe"	"GO:0009409"	"response to cold"	"2/29"	"40/23328"	0.001130289114666	0.0160909214240646	0.0110384960321182	"231507/19652"	2
"CFUe"	"CFUe"	"GO:0048146"	"positive regulation of fibroblast proliferation"	"2/29"	"69/23328"	0.00332455321243596	0.0358701793973353	0.0246072193452323	"17319/20698"	2
"CFUe"	"CFUe"	"GO:0032543"	"mitochondrial translation"	"2/29"	"76/23328"	0.0040171129828474	0.0424488743032844	0.0291202547210208	"67267/102436"	2
"CFUe"	"CFUe"	"GO:1990542"	"mitochondrial transmembrane transport"	"2/29"	"83/23328"	0.00477085407173083	0.0465726230811819	0.0319491781445233	"27425/12859"	2
"CFUe"	"CFUe"	"GO:0040014"	"regulation of multicellular organism growth"	"2/29"	"91/23328"	0.00570585663622095	0.0551745570955328	0.0378501711320318	"231507/71175"	2
"CFUe"	"CFUe"	"GO:0045927"	"positive regulation of growth"	"3/29"	"312/23328"	0.00669320877242287	0.0635235091827171	0.043577616568991	"20698/110196/71175"	3
"CFUe"	"CFUe"	"GO:0140053"	"mitochondrial gene expression"	"2/29"	"107/23328"	0.00780542285662134	0.0714335573931864	0.0490039705660062	"67267/102436"	2
"CFUe"	"CFUe"	"GO:0050764"	"regulation of phagocytosis"	"2/29"	"113/23328"	0.00866973724808853	0.0779515849060591	0.0534753876428729	"19152/20698"	2
"CFUe"	"CFUe"	"GO:0050708"	"regulation of protein secretion"	"3/29"	"365/23328"	0.0102698846452021	0.0892087437401028	0.0611978853077162	"67267/11799/17319"	3
"CFUe"	"CFUe"	"GO:0018026"	"peptidyl-lysine monomethylation"	"1/29"	"10/23328"	0.0123644718993466	0.0982448348591497	0.0673967134130033	"214162"	1
"CFUe"	"CFUe"	"GO:0045542"	"positive regulation of cholesterol biosynthetic process"	"1/29"	"10/23328"	0.0123644718993466	0.0982448348591497	0.0673967134130033	"110196"	1
"CFUe"	"CFUe"	"GO:0048703"	"embryonic viscerocranium morphogenesis"	"1/29"	"10/23328"	0.0123644718993466	0.0982448348591497	0.0673967134130033	"71175"	1
"CFUe"	"CFUe"	"GO:0090237"	"regulation of arachidonic acid secretion"	"1/29"	"10/23328"	0.0123644718993466	0.0982448348591497	0.0673967134130033	"17319"	1
"CFUe"	"CFUe"	"GO:0106120"	"positive regulation of sterol biosynthetic process"	"1/29"	"10/23328"	0.0123644718993466	0.0982448348591497	0.0673967134130033	"110196"	1
"CFUe"	"CFUe"	"GO:1905522"	"negative regulation of macrophage migration"	"1/29"	"10/23328"	0.0123644718993466	0.0982448348591497	0.0673967134130033	"17319"	1
"GMP"	"GMP"	"GO:0002181"	"cytoplasmic translation"	"6/24"	"91/23328"	3.7911180129447e-10	2.01687478288658e-07	1.30893337710091e-07	"20090/54127/57808/27370/67248/67671"	6
"GMP"	"GMP"	"GO:0018119"	"peptidyl-cysteine S-nitrosylation"	"2/24"	"16/23328"	0.000120659324786662	0.0181759540254221	0.0117960287303887	"20201/20202"	2
"GMP"	"GMP"	"GO:0070486"	"leukocyte aggregation"	"2/24"	"16/23328"	0.000120659324786662	0.0181759540254221	0.0117960287303887	"20201/20202"	2
"GMP"	"GMP"	"GO:0017014"	"protein nitrosylation"	"2/24"	"17/23328"	0.00013666130846182	0.0181759540254221	0.0117960287303887	"20201/20202"	2
"GMP"	"GMP"	"GO:0000028"	"ribosomal small subunit assembly"	"2/24"	"21/23328"	0.000210491311985438	0.0223962755952506	0.0145349790170997	"54127/67671"	2
"GMP"	"GMP"	"GO:0002523"	"leukocyte migration involved in inflammatory response"	"2/24"	"24/23328"	0.000276124700251975	0.0233407294078102	0.0151479209453141	"20201/20202"	2
"GMP"	"GMP"	"GO:0061844"	"antimicrobial humoral immune response mediated by antimicrobial peptide"	"3/24"	"129/23328"	0.000307114860629081	0.0233407294078102	0.0151479209453141	"14109/67248/20202"	3
"GMP"	"GMP"	"GO:0035966"	"response to topologically incorrect protein"	"3/24"	"141/23328"	0.000398606610400853	0.0235620796370282	0.0152915752294128	"64136/15519/100037258"	3
"GMP"	"GMP"	"GO:0014002"	"astrocyte development"	"2/24"	"38/23328"	0.000697159909973459	0.0287436109737875	0.0186543419062174	"20201/20202"	2
"GMP"	"GMP"	"GO:0006914"	"autophagy"	"4/24"	"425/23328"	0.000864469502971052	0.0287436109737875	0.0186543419062174	"12257/20201/76681/20202"	4
"GMP"	"GMP"	"GO:0061919"	"process utilizing autophagic mechanism"	"4/24"	"425/23328"	0.000864469502971052	0.0287436109737875	0.0186543419062174	"12257/20201/76681/20202"	4
"GMP"	"GMP"	"GO:0046596"	"regulation of viral entry into host cell"	"2/24"	"48/23328"	0.00111162882900511	0.0337597872563618	0.0219097946578683	"16852/76681"	2
"GMP"	"GMP"	"GO:0046034"	"ATP metabolic process"	"3/24"	"253/23328"	0.00215574777688013	0.0468201049180545	0.0303858219491925	"12866/12257/13806"	3
"GMP"	"GMP"	"GO:2001244"	"positive regulation of intrinsic apoptotic signaling pathway"	"2/24"	"68/23328"	0.00221694824633388	0.0468201049180545	0.0303858219491925	"20201/20202"	2
"GMP"	"GMP"	"GO:0045428"	"regulation of nitric oxide biosynthetic process"	"2/24"	"69/23328"	0.0022816947140943	0.0468201049180545	0.0303858219491925	"12257/15519"	2
"GMP"	"GMP"	"GO:0006919"	"activation of cysteine-type endopeptidase activity involved in apoptotic process"	"2/24"	"76/23328"	0.00275974279795941	0.0468201049180545	0.0303858219491925	"20201/20202"	2
"GMP"	"GMP"	"GO:0006809"	"nitric oxide biosynthetic process"	"2/24"	"77/23328"	0.00283156065123268	0.0468201049180545	0.0303858219491925	"12257/15519"	2
"GMP"	"GMP"	"GO:2001057"	"reactive nitrogen species metabolic process"	"2/24"	"86/23328"	0.00351714036972538	0.0479774019665103	0.0311368972002679	"12257/15519"	2
"GMP"	"GMP"	"GO:0072655"	"establishment of protein localization to mitochondrion"	"2/24"	"93/23328"	0.00409863158914873	0.0519160001292172	0.0336930115599193	"12257/15519"	2
"GMP"	"GMP"	"GO:0010940"	"positive regulation of necrotic cell death"	"1/24"	"10/23328"	0.0102425331587662	0.076883463810364	0.0498966682425789	"12257"	1
"GMP"	"GMP"	"GO:0050729"	"positive regulation of inflammatory response"	"2/24"	"152/23328"	0.0105965547013879	0.076883463810364	0.0498966682425789	"20201/20202"	2
"GMP"	"GMP"	"GO:0051901"	"positive regulation of mitochondrial depolarization"	"1/24"	"11/23328"	0.0112612388455398	0.076883463810364	0.0498966682425789	"12257"	1
"GMP"	"GMP"	"GO:0009266"	"response to temperature stimulus"	"2/24"	"159/23328"	0.011547828180556	0.076883463810364	0.0498966682425789	"15519/100037258"	2
"GMP"	"GMP"	"GO:0071236"	"cellular response to antibiotic"	"1/24"	"12/23328"	0.0122789396761661	0.076883463810364	0.0498966682425789	"65019"	1
"GMP"	"GMP"	"GO:0007596"	"blood coagulation"	"2/24"	"166/23328"	0.0125354737445107	0.076883463810364	0.0498966682425789	"27027/20202"	2
"GMP"	"GMP"	"GO:0031346"	"positive regulation of cell projection organization"	"3/24"	"478/23328"	0.0125679504558339	0.076883463810364	0.0498966682425789	"15519/16819/20202"	3
"GMP"	"GMP"	"GO:0007005"	"mitochondrion organization"	"3/24"	"481/23328"	0.0127808210346801	0.076883463810364	0.0498966682425789	"12866/12257/15519"	3
"GMP"	"GMP"	"GO:0007599"	"hemostasis"	"2/24"	"168/23328"	0.0128242650420509	0.076883463810364	0.0498966682425789	"27027/20202"	2
"GMP"	"GMP"	"GO:0050817"	"coagulation"	"2/24"	"169/23328"	0.0129697541973373	0.076883463810364	0.0498966682425789	"27027/20202"	2
"GMP"	"GMP"	"GO:0097577"	"sequestering of iron ion"	"1/24"	"13/23328"	0.0132956365987847	0.076883463810364	0.0498966682425789	"16819"	1
"GMP"	"GMP"	"GO:1901678"	"iron coordination entity transport"	"1/24"	"13/23328"	0.0132956365987847	0.076883463810364	0.0498966682425789	"16819"	1
"GMP"	"GMP"	"GO:1904181"	"positive regulation of membrane depolarization"	"1/24"	"13/23328"	0.0132956365987847	0.076883463810364	0.0498966682425789	"12257"	1
"GMP"	"GMP"	"GO:0050821"	"protein stabilization"	"2/24"	"178/23328"	0.0143116887443883	0.080998068212921	0.0525670090499368	"15519/65019"	2
"GMP"	"GMP"	"GO:0032986"	"protein-DNA complex disassembly"	"1/24"	"16/23328"	0.0163397133871902	0.0888154447400555	0.0576404152646185	"65019"	1
"GMP"	"GMP"	"GO:1903729"	"regulation of plasma membrane organization"	"1/24"	"16/23328"	0.0163397133871902	0.0888154447400555	0.0576404152646185	"20202"	1
"GMP"	"GMP"	"GO:0045793"	"positive regulation of cell size"	"1/24"	"17/23328"	0.0173524041421108	0.0888154447400555	0.0576404152646185	"15519"	1
"GMP"	"GMP"	"GO:0060253"	"negative regulation of glial cell proliferation"	"1/24"	"17/23328"	0.0173524041421108	0.0888154447400555	0.0576404152646185	"12257"	1
"GMP"	"GMP"	"GO:0098760"	"response to interleukin-7"	"1/24"	"17/23328"	0.0173524041421108	0.0888154447400555	0.0576404152646185	"13806"	1
"GMP"	"GMP"	"GO:0098761"	"cellular response to interleukin-7"	"1/24"	"17/23328"	0.0173524041421108	0.0888154447400555	0.0576404152646185	"13806"	1
"GMP"	"GMP"	"GO:0060416"	"response to growth hormone"	"1/24"	"18/23328"	0.0183640957169288	0.0888154447400555	0.0576404152646185	"12301"	1
"GMP"	"GMP"	"GO:0006364"	"rRNA processing"	"2/24"	"206/23328"	0.0188512627931448	0.0893677151892808	0.0579988337595649	"54127/57808"	2
"GMP"	"GMP"	"GO:0002544"	"chronic inflammatory response"	"1/24"	"19/23328"	0.0193747890546719	0.0893677151892808	0.0579988337595649	"20202"	1
"GMP"	"GMP"	"GO:0071157"	"negative regulation of cell cycle arrest"	"1/24"	"20/23328"	0.0203844850975176	0.0893677151892808	0.0579988337595649	"65019"	1
"GMP"	"GMP"	"GO:0016072"	"rRNA metabolic process"	"2/24"	"215/23328"	0.0204238695638317	0.0893677151892808	0.0579988337595649	"54127/57808"	2
"GMP"	"GMP"	"GO:0002793"	"positive regulation of peptide secretion"	"2/24"	"230/23328"	0.0231630453854982	0.0936303954628608	0.0607652744594743	"20201/20202"	2
"GMP"	"GMP"	"GO:0002313"	"mature B cell differentiation involved in immune response"	"1/24"	"23/23328"	0.0234075988657152	0.0936303954628608	0.0607652744594743	"16852"	1
"GMP"	"GMP"	"GO:0097502"	"mannosylation"	"1/24"	"23/23328"	0.0234075988657152	0.0936303954628608	0.0607652744594743	"64136"	1
"GMP"	"GMP"	"GO:0042474"	"middle ear morphogenesis"	"1/24"	"24/23328"	0.024413315133779	0.0948020704464994	0.0615256808596197	"67671"	1
"GMP"	"GMP"	"GO:0048266"	"behavioral response to pain"	"1/24"	"25/23328"	0.0254180388051138	0.0959035223001458	0.0622405130875501	"12257"	1
"GMP"	"GMP"	"GO:0031330"	"negative regulation of cellular catabolic process"	"2/24"	"250/23328"	0.0270378386549236	0.0985214394823243	0.0639395175112829	"12257/65019"	2
"CMP"	"CMP"	"GO:0044403"	"symbiotic process"	"5/23"	"374/23328"	2.73545381694409e-05	0.0107999325659031	0.00689720004208791	"20568/16852/76681/16476/50701"	5
"CMP"	"CMP"	"GO:0050792"	"regulation of viral process"	"4/23"	"201/23328"	4.16596791431478e-05	0.0107999325659031	0.00689720004208791	"20568/16852/76681/16476"	4
"CMP"	"CMP"	"GO:0043903"	"regulation of symbiotic process"	"4/23"	"218/23328"	5.71425003486934e-05	0.0107999325659031	0.00689720004208791	"20568/16852/76681/16476"	4
"CMP"	"CMP"	"GO:0002523"	"leukocyte migration involved in inflammatory response"	"2/23"	"24/23328"	0.000253273402863192	0.028721203884686	0.0183423264389343	"20201/50701"	2
"CMP"	"CMP"	"GO:0045737"	"positive regulation of cyclin-dependent protein serine/threonine kinase activity"	"2/23"	"28/23328"	0.00034604327464325	0.0327010894537871	0.0208840151714523	"66197/18712"	2
"CMP"	"CMP"	"GO:0042742"	"defense response to bacterium"	"4/23"	"464/23328"	0.00101337858565072	0.0578527547732285	0.0369467142708449	"20568/14972/16819/50701"	4
"CMP"	"CMP"	"GO:0033002"	"muscle cell proliferation"	"3/23"	"236/23328"	0.00155888425023085	0.067991336144684	0.0434215532048107	"18712/16476/50701"	3
"CMP"	"CMP"	"GO:0051899"	"membrane depolarization"	"2/23"	"83/23328"	0.00301434575894592	0.0942560365807383	0.0601950739511259	"16476/11983"	2
"CMP"	"CMP"	"GO:0002181"	"cytoplasmic translation"	"2/23"	"91/23328"	0.00360999692672582	0.0974699170215973	0.0622475660548212	"54127/57808"	2
"Ery"	"Ery"	"GO:0032720"	"negative regulation of tumor necrosis factor production"	"2/17"	"53/23328"	0.000673890614211139	0.0700906128375914	0.0385293427294362	"12257/14870"	2
"Ery"	"Ery"	"GO:1903556"	"negative regulation of tumor necrosis factor superfamily cytokine production"	"2/17"	"54/23328"	0.000699509803847194	0.0700906128375914	0.0385293427294362	"12257/14870"	2
"Ery"	"Ery"	"GO:0001818"	"negative regulation of cytokine production"	"3/17"	"260/23328"	0.000828982471640977	0.0700906128375914	0.0385293427294362	"12257/14870/50701"	3
"Ery"	"Ery"	"GO:0045840"	"positive regulation of mitotic nuclear division"	"2/17"	"65/23328"	0.00101197917986904	0.0700906128375914	0.0385293427294362	"68612/20698"	2
"Ery"	"Ery"	"GO:0045123"	"cellular extravasation"	"2/17"	"72/23328"	0.00123984500462628	0.0700906128375914	0.0385293427294362	"19152/50701"	2
"Ery"	"Ery"	"GO:0048002"	"antigen processing and presentation of peptide antigen"	"2/17"	"72/23328"	0.00123984500462628	0.0700906128375914	0.0385293427294362	"13034/15018"	2
"Ery"	"Ery"	"GO:1903037"	"regulation of leukocyte cell-cell adhesion"	"3/17"	"309/23328"	0.00136366922482552	0.0700906128375914	0.0385293427294362	"14870/16852/50701"	3
"Ery"	"Ery"	"GO:0032543"	"mitochondrial translation"	"2/17"	"76/23328"	0.00138009083577483	0.0700906128375914	0.0385293427294362	"102436/68836"	2
"Ery"	"Ery"	"GO:0032651"	"regulation of interleukin-1 beta production"	"2/17"	"80/23328"	0.00152758795700138	0.0700906128375914	0.0385293427294362	"14870/20698"	2
"Ery"	"Ery"	"GO:0051785"	"positive regulation of nuclear division"	"2/17"	"81/23328"	0.00156559074978899	0.0700906128375914	0.0385293427294362	"68612/20698"	2
"Ery"	"Ery"	"GO:0007159"	"leukocyte cell-cell adhesion"	"3/17"	"345/23328"	0.00186932961930085	0.0700906128375914	0.0385293427294362	"14870/16852/50701"	3
"Ery"	"Ery"	"GO:0002181"	"cytoplasmic translation"	"2/17"	"91/23328"	0.0019702816070845	0.0700906128375914	0.0385293427294362	"57808/67248"	2
"Ery"	"Ery"	"GO:0032611"	"interleukin-1 beta production"	"2/17"	"91/23328"	0.0019702816070845	0.0700906128375914	0.0385293427294362	"14870/20698"	2
"Ery"	"Ery"	"GO:0006909"	"phagocytosis"	"3/17"	"358/23328"	0.0020771625886009	0.0700906128375914	0.0385293427294362	"19152/50701/20698"	3
"Ery"	"Ery"	"GO:0032652"	"regulation of interleukin-1 production"	"2/17"	"98/23328"	0.00228003373074721	0.0700906128375914	0.0385293427294362	"14870/20698"	2
"Ery"	"Ery"	"GO:0019731"	"antibacterial humoral response"	"2/17"	"104/23328"	0.00256270784549093	0.0700906128375914	0.0385293427294362	"67248/50701"	2
"Ery"	"Ery"	"GO:0048145"	"regulation of fibroblast proliferation"	"2/17"	"107/23328"	0.00270994683193562	0.0700906128375914	0.0385293427294362	"14870/20698"	2
"Ery"	"Ery"	"GO:0140053"	"mitochondrial gene expression"	"2/17"	"107/23328"	0.00270994683193562	0.0700906128375914	0.0385293427294362	"102436/68836"	2
"Ery"	"Ery"	"GO:0048144"	"fibroblast proliferation"	"2/17"	"109/23328"	0.00281028132257441	0.0700906128375914	0.0385293427294362	"14870/20698"	2
"Ery"	"Ery"	"GO:0002526"	"acute inflammatory response"	"2/17"	"110/23328"	0.00286109936625691	0.0700906128375914	0.0385293427294362	"14870/50701"	2
"Ery"	"Ery"	"GO:0032612"	"interleukin-1 production"	"2/17"	"110/23328"	0.00286109936625691	0.0700906128375914	0.0385293427294362	"14870/20698"	2
"Ery"	"Ery"	"GO:0050764"	"regulation of phagocytosis"	"2/17"	"113/23328"	0.00301614969902869	0.0700906128375914	0.0385293427294362	"19152/20698"	2
"Ery"	"Ery"	"GO:2000379"	"positive regulation of reactive oxygen species metabolic process"	"2/17"	"114/23328"	0.00306869660482697	0.0700906128375914	0.0385293427294362	"12257/14870"	2
"Ery"	"Ery"	"GO:0019882"	"antigen processing and presentation"	"2/17"	"116/23328"	0.00317508212407008	0.0700906128375914	0.0385293427294362	"13034/15018"	2
"Ery"	"Ery"	"GO:0032680"	"regulation of tumor necrosis factor production"	"2/17"	"120/23328"	0.00339300376861582	0.0700906128375914	0.0385293427294362	"12257/14870"	2
"Ery"	"Ery"	"GO:0022407"	"regulation of cell-cell adhesion"	"3/17"	"427/23328"	0.00342126382027465	0.0700906128375914	0.0385293427294362	"14870/16852/50701"	3
"Ery"	"Ery"	"GO:1903555"	"regulation of tumor necrosis factor superfamily cytokine production"	"2/17"	"122/23328"	0.00350453064187957	0.0700906128375914	0.0385293427294362	"12257/14870"	2
"Ery"	"Ery"	"GO:0001909"	"leukocyte mediated cytotoxicity"	"2/17"	"141/23328"	0.00464840172343667	0.0809721590534129	0.0445110114094785	"15018/50701"	2
"Ery"	"Ery"	"GO:0010940"	"positive regulation of necrotic cell death"	"1/17"	"10/23328"	0.00726492562572245	0.0898294402298264	0.0493799262082086	"12257"	1
"Ery"	"Ery"	"GO:0046598"	"positive regulation of viral entry into host cell"	"1/17"	"10/23328"	0.00726492562572245	0.0898294402298264	0.0493799262082086	"16852"	1
"Ery"	"Ery"	"GO:0075294"	"positive regulation by symbiont of entry into host"	"1/17"	"10/23328"	0.00726492562572245	0.0898294402298264	0.0493799262082086	"16852"	1
"Ery"	"Ery"	"GO:0046890"	"regulation of lipid biosynthetic process"	"2/17"	"184/23328"	0.00778478037116399	0.0898294402298264	0.0493799262082086	"12257/20698"	2
"Ery"	"Ery"	"GO:0051901"	"positive regulation of mitochondrial depolarization"	"1/17"	"11/23328"	0.00798867964683714	0.0898294402298264	0.0493799262082086	"12257"	1
"Ery"	"Ery"	"GO:0045766"	"positive regulation of angiogenesis"	"2/17"	"188/23328"	0.00811400138559829	0.0898294402298264	0.0493799262082086	"109901/20698"	2
"Ery"	"Ery"	"GO:2000303"	"regulation of ceramide biosynthetic process"	"1/17"	"12/23328"	0.00871193703183548	0.0898294402298264	0.0493799262082086	"20698"	1
"Ery"	"Ery"	"GO:0000302"	"response to reactive oxygen species"	"2/17"	"202/23328"	0.00931509299429467	0.0898294402298264	0.0493799262082086	"14870/20698"	2
"Ery"	"Ery"	"GO:0046512"	"sphingosine biosynthetic process"	"1/17"	"13/23328"	0.00943469810022046	0.0898294402298264	0.0493799262082086	"20698"	1
"Ery"	"Ery"	"GO:0046520"	"sphingoid biosynthetic process"	"1/17"	"13/23328"	0.00943469810022046	0.0898294402298264	0.0493799262082086	"20698"	1
"Ery"	"Ery"	"GO:1904181"	"positive regulation of membrane depolarization"	"1/17"	"13/23328"	0.00943469810022046	0.0898294402298264	0.0493799262082086	"12257"	1
"Ery"	"Ery"	"GO:0031396"	"regulation of protein ubiquitination"	"2/17"	"206/23328"	0.00967206786316049	0.0898294402298264	0.0493799262082086	"12257/20698"	2
"Ery"	"Ery"	"GO:1904018"	"positive regulation of vasculature development"	"2/17"	"208/23328"	0.00985283484825119	0.0898294402298264	0.0493799262082086	"109901/20698"	2
"Ery"	"Ery"	"GO:0043508"	"negative regulation of JUN kinase activity"	"1/17"	"14/23328"	0.0101569631713035	0.0898294402298264	0.0493799262082086	"14870"	1
"Ery"	"Ery"	"GO:0090153"	"regulation of sphingolipid biosynthetic process"	"1/17"	"14/23328"	0.0101569631713035	0.0898294402298264	0.0493799262082086	"20698"	1
"Ery"	"Ery"	"GO:1903978"	"regulation of microglial cell activation"	"1/17"	"16/23328"	0.0116000065978507	0.0898294402298264	0.0493799262082086	"20698"	1
"Ery"	"Ery"	"GO:0032872"	"regulation of stress-activated MAPK cascade"	"2/17"	"232/23328"	0.012138921389454	0.0898294402298264	0.0493799262082086	"14870/20698"	2
"Ery"	"Ery"	"GO:0031145"	"anaphase-promoting complex-dependent catabolic process"	"1/17"	"17/23328"	0.0123207855909806	0.0898294402298264	0.0493799262082086	"68612"	1
"Ery"	"Ery"	"GO:0060253"	"negative regulation of glial cell proliferation"	"1/17"	"17/23328"	0.0123207855909806	0.0898294402298264	0.0493799262082086	"12257"	1
"Ery"	"Ery"	"GO:0070302"	"regulation of stress-activated protein kinase signaling cascade"	"2/17"	"235/23328"	0.0124396485397978	0.0898294402298264	0.0493799262082086	"14870/20698"	2
"Ery"	"Ery"	"GO:1903320"	"regulation of protein modification by small protein conjugation or removal"	"2/17"	"240/23328"	0.01294813990544	0.0898294402298264	0.0493799262082086	"12257/20698"	2
"Ery"	"Ery"	"GO:0006670"	"sphingosine metabolic process"	"1/17"	"18/23328"	0.0130410698621378	0.0898294402298264	0.0493799262082086	"20698"	1
"Ery"	"Ery"	"GO:0016540"	"protein autoprocessing"	"1/17"	"18/23328"	0.0130410698621378	0.0898294402298264	0.0493799262082086	"13034"	1
"Ery"	"Ery"	"GO:0045019"	"negative regulation of nitric oxide biosynthetic process"	"1/17"	"18/23328"	0.0130410698621378	0.0898294402298264	0.0493799262082086	"12257"	1
"Ery"	"Ery"	"GO:0045217"	"cell-cell junction maintenance"	"1/17"	"20/23328"	0.0144801555117612	0.0898294402298264	0.0493799262082086	"19152"	1
"Ery"	"Ery"	"GO:0046519"	"sphingoid metabolic process"	"1/17"	"20/23328"	0.0144801555117612	0.0898294402298264	0.0493799262082086	"20698"	1
"Ery"	"Ery"	"GO:0060252"	"positive regulation of glial cell proliferation"	"1/17"	"20/23328"	0.0144801555117612	0.0898294402298264	0.0493799262082086	"12257"	1
"Ery"	"Ery"	"GO:0051403"	"stress-activated MAPK cascade"	"2/17"	"257/23328"	0.0147442694136407	0.0898294402298264	0.0493799262082086	"14870/20698"	2
"Ery"	"Ery"	"GO:0034312"	"diol biosynthetic process"	"1/17"	"21/23328"	0.0151989575263614	0.0898294402298264	0.0493799262082086	"20698"	1
"Ery"	"Ery"	"GO:0051900"	"regulation of mitochondrial depolarization"	"1/17"	"21/23328"	0.0151989575263614	0.0898294402298264	0.0493799262082086	"12257"	1
"Ery"	"Ery"	"GO:0006516"	"glycoprotein catabolic process"	"1/17"	"22/23328"	0.0159172660912584	0.0898294402298264	0.0493799262082086	"109901"	1
"Ery"	"Ery"	"GO:0000375"	"RNA splicing, via transesterification reactions"	"2/17"	"271/23328"	0.016300152708653	0.0898294402298264	0.0493799262082086	"69878/66177"	2
"Ery"	"Ery"	"GO:0000377"	"RNA splicing, via transesterification reactions with bulged adenosine as nucleophile"	"2/17"	"271/23328"	0.016300152708653	0.0898294402298264	0.0493799262082086	"69878/66177"	2
"Ery"	"Ery"	"GO:0000398"	"mRNA splicing, via spliceosome"	"2/17"	"271/23328"	0.016300152708653	0.0898294402298264	0.0493799262082086	"69878/66177"	2
"Ery"	"Ery"	"GO:0031098"	"stress-activated protein kinase signaling cascade"	"2/17"	"272/23328"	0.0164138982229017	0.0898294402298264	0.0493799262082086	"14870/20698"	2
"Ery"	"Ery"	"GO:0002313"	"mature B cell differentiation involved in immune response"	"1/17"	"23/23328"	0.0166350815240419	0.0898294402298264	0.0493799262082086	"16852"	1
"Ery"	"Ery"	"GO:0048266"	"behavioral response to pain"	"1/17"	"25/23328"	0.0180692342626729	0.0901568184620652	0.0495598885113107	"12257"	1
"Ery"	"Ery"	"GO:0001956"	"positive regulation of neurotransmitter secretion"	"1/17"	"27/23328"	0.0195014182791585	0.0901568184620652	0.0495598885113107	"20698"	1
"Ery"	"Ery"	"GO:0051767"	"nitric-oxide synthase biosynthetic process"	"1/17"	"27/23328"	0.0195014182791585	0.0901568184620652	0.0495598885113107	"14870"	1
"Ery"	"Ery"	"GO:0051769"	"regulation of nitric-oxide synthase biosynthetic process"	"1/17"	"27/23328"	0.0195014182791585	0.0901568184620652	0.0495598885113107	"14870"	1
"Ery"	"Ery"	"GO:0001516"	"prostaglandin biosynthetic process"	"1/17"	"29/23328"	0.0209316361073548	0.0901568184620652	0.0495598885113107	"20698"	1
"Ery"	"Ery"	"GO:0046457"	"prostanoid biosynthetic process"	"1/17"	"29/23328"	0.0209316361073548	0.0901568184620652	0.0495598885113107	"20698"	1
"Ery"	"Ery"	"GO:1903579"	"negative regulation of ATP metabolic process"	"1/17"	"30/23328"	0.0216460084918425	0.0901568184620652	0.0495598885113107	"12257"	1
"Ery"	"Ery"	"GO:0010803"	"regulation of tumor necrosis factor-mediated signaling pathway"	"1/17"	"31/23328"	0.0223598902780749	0.0901568184620652	0.0495598885113107	"20698"	1
"Ery"	"Ery"	"GO:0051590"	"positive regulation of neurotransmitter transport"	"1/17"	"32/23328"	0.0230732817819284	0.0901568184620652	0.0495598885113107	"20698"	1
"Ery"	"Ery"	"GO:0051354"	"negative regulation of oxidoreductase activity"	"1/17"	"33/23328"	0.0237861833190895	0.0901568184620652	0.0495598885113107	"14870"	1
"Ery"	"Ery"	"GO:1903146"	"regulation of autophagy of mitochondrion"	"1/17"	"34/23328"	0.0244985952050553	0.0901568184620652	0.0495598885113107	"12257"	1
"Ery"	"Ery"	"GO:0045987"	"positive regulation of smooth muscle contraction"	"1/17"	"35/23328"	0.0252105177551331	0.0901568184620652	0.0495598885113107	"20698"	1
"Ery"	"Ery"	"GO:0009595"	"detection of biotic stimulus"	"1/17"	"37/23328"	0.0266328961079064	0.0914641902474674	0.05027856072083	"12257"	1
"Ery"	"Ery"	"GO:0030574"	"collagen catabolic process"	"1/17"	"37/23328"	0.0266328961079064	0.0914641902474674	0.05027856072083	"19152"	1
"Ery"	"Ery"	"GO:0072595"	"maintenance of protein localization in organelle"	"1/17"	"41/23328"	0.029471794635295	0.0914641902474674	0.05027856072083	"12257"	1
"Ery"	"Ery"	"GO:0044403"	"symbiotic process"	"2/17"	"374/23328"	0.0297440672871783	0.091781693343293	0.0504530945863716	"16852/50701"	2
"Ery"	"Ery"	"GO:0022613"	"ribonucleoprotein complex biogenesis"	"2/17"	"409/23328"	0.0350546222656986	0.0948408191361282	0.052134719291205	"69878/57808"	2
"Ery"	"Ery"	"GO:0001916"	"positive regulation of T cell mediated cytotoxicity"	"1/17"	"51/23328"	0.0365349854330348	0.0971866607578265	0.0534242462645362	"15018"	1
"Ery"	"Ery"	"GO:0010823"	"negative regulation of mitochondrion organization"	"1/17"	"54/23328"	0.0386444903630818	0.0973664147805363	0.0535230584173708	"12257"	1
"Ery"	"Ery"	"GO:0035272"	"exocrine system development"	"1/17"	"54/23328"	0.0386444903630818	0.0973664147805363	0.0535230584173708	"109901"	1
"Ery"	"Ery"	"GO:0035924"	"cellular response to vascular endothelial growth factor stimulus"	"1/17"	"56/23328"	0.0400484111165753	0.0973664147805363	0.0535230584173708	"20698"	1
"Ery"	"Ery"	"GO:0006749"	"glutathione metabolic process"	"1/17"	"57/23328"	0.0407496476674096	0.0973664147805363	0.0535230584173708	"14870"	1
