Cluster,myCluster,ID,Description,GeneRatio,BgRatio,pvalue,p.adjust,qvalue,geneID,Count,GO_database,geneName
LTHSC.1,LTHSC,GO:0019882,antigen processing and presentation,6:48,116:23328,1.37332779947577e-07,0.0001113768845374,9.17961213333807e-05,15015/15018/21354/16913/110557/14969,6,BP,H2-Q4/H2-Q7/Tap1/Psmb8/H2-Q6/H2-Eb1
LTHSC.1,LTHSC,GO:0001910,regulation of leukocyte mediated cytotoxicity,5:48,105:23328,2.46383059468335e-06,0.0003330277687147,0.0002744793732673,93694/15015/15018/21354/110557,5,BP,Clec2d/H2-Q4/H2-Q7/Tap1/H2-Q6
LTHSC.1,LTHSC,GO:0046596,regulation of viral entry into host cell,3:48,48:23328,0.0001324971914225,0.0063208954261011,0.0052096418918479,94094/16852/76681,3,BP,Trim34a/Lgals1/Trim12a
LTHSC.1,LTHSC,GO:0090161,Golgi ribbon formation,2:48,14:23328,0.000371358176909,0.0136896127942398,0.0112828919778601,101706/73130,2,BP,Numa1/Tmed5
LTHSC.1,LTHSC,GO:0043122,regulation of I-kappaB kinase/NF-kappaB signaling,4:48,185:23328,0.0005672841993192,0.0176949032941513,0.0145840269865482,75547/94094/14870/76681,4,BP,Akap13/Trim34a/Gstp1/Trim12a
LTHSC.1,LTHSC,GO:0002181,cytoplasmic translation,3:48,91:23328,0.0008746955292733,0.022883163685183,0.0188601582712586,20090/57808/54217,3,BP,Rps29/Rpl35a/Rpl36
LTHSC.1,LTHSC,GO:0006119,oxidative phosphorylation,3:48,108:23328,0.0014344059843952,0.0298282885472967,0.0245842861023213,78330/12866/67530,3,BP,Ndufv3/Cox7a2/Uqcrb
LTHSC.1,LTHSC,GO:0000387,spliceosomal snRNP assembly,2:48,32:23328,0.0019768658471448,0.0381723381436775,0.0314613988204754,69878/20643,2,BP,Snrpf/Snrpe
LTHSC.1,LTHSC,GO:0010043,response to zinc ion,2:48,32:23328,0.0019768658471448,0.0381723381436775,0.0314613988204754,12925/17025,2,BP,Crip1/Alad
LTHSC.1,LTHSC,GO:0014706,striated muscle tissue development,5:48,447:23328,0.0021962553339779,0.0393172717096131,0.0324050457986947,14605/217082/75547/17263/232334,5,BP,Tsc22d3/Hlf/Akap13/Meg3/Vgll4
LTHSC.1,LTHSC,GO:0006749,glutathione metabolic process,2:48,57:23328,0.0061563767416372,0.0818495334011114,0.0674598659351103,14870/14630,2,BP,Gstp1/Gclm
LTHSC.1,LTHSC,GO:0045840,positive regulation of mitotic nuclear division,2:48,65:23328,0.0079400061908848,0.0933238408812703,0.076916917333515,101706/19385,2,BP,Numa1/Ranbp1
LTHSC.2,LTHSC,GO:0048002,antigen processing and presentation of peptide antigen,9:61,72:23328,2.31007994355754e-13,2.91025217578744e-10,2.2277271854696501e-10,15015/15018/14972/15039/16149/14961/110557/14969/15040,9,BP,H2-Q4/H2-Q7/H2-K1/H2-T22/Cd74/H2-Ab1/H2-Q6/H2-Eb1/H2-T23
LTHSC.2,LTHSC,GO:0019882,antigen processing and presentation,10:61,116:23328,4.53663628337871e-13,2.91025217578744e-10,2.2277271854696501e-10,15015/15018/14972/15039/16149/14961/16913/110557/14969/15040,10,BP,H2-Q4/H2-Q7/H2-K1/H2-T22/Cd74/H2-Ab1/Psmb8/H2-Q6/H2-Eb1/H2-T23
LTHSC.2,LTHSC,GO:0001916,positive regulation of T cell mediated cytotoxicity,7:61,51:23328,6.198550810682539e-11,2.65091356336857e-08,2.02920979170765e-08,15015/15018/14972/15039/110557/19264/15040,7,BP,H2-Q4/H2-Q7/H2-K1/H2-T22/H2-Q6/Ptprc/H2-T23
LTHSC.2,LTHSC,GO:0046596,regulation of viral entry into host cell,5:61,48:23328,1.62415940349582e-07,6.94598838228379e-06,5.31698499460211e-06,94094/16149/16852/384309/76681,5,BP,Trim34a/Cd74/Lgals1/Trim56/Trim12a
LTHSC.2,LTHSC,GO:0002181,cytoplasmic translation,4:61,91:23328,9.53930253471987e-05,0.0023092311607633,0.0017676602313592,20090/57808/54217/225363,4,BP,Rps29/Rpl35a/Rpl36/Etf1
LTHSC.2,LTHSC,GO:0050870,positive regulation of T cell activation,5:61,200:23328,0.0001775320024296,0.0042180288725413,0.0032287984067613,16149/16852/14961/19264/15040,5,BP,Cd74/Lgals1/H2-Ab1/Ptprc/H2-T23
LTHSC.2,LTHSC,GO:0043123,positive regulation of I-kappaB kinase/NF-kappaB signaling,4:61,125:23328,0.0003237461729124,0.0070401074550281,0.0053890308532971,75547/94094/16149/76681,4,BP,Akap13/Trim34a/Cd74/Trim12a
LTHSC.2,LTHSC,GO:0045060,negative thymic T cell selection,2:61,14:23328,0.0005997902867918,0.0124117893218374,0.0095009225395038,16149/19264,2,BP,Cd74/Ptprc
LTHSC.2,LTHSC,GO:0071902,positive regulation of protein serine/threonine kinase activity,5:61,291:23328,0.0009812492928553,0.0187901916825886,0.0143834342534809,66197/75547/228355/16149/19264,5,BP,Cks2/Akap13/Madd/Cd74/Ptprc
LTHSC.2,LTHSC,GO:0006783,heme biosynthetic process,2:61,22:23328,0.001502182885557,0.0256973418955963,0.0196706895750842,11983/17025,2,BP,Atpif1/Alad
LTHSC.2,LTHSC,GO:0000387,spliceosomal snRNP assembly,2:61,32:23328,0.0031717244376581,0.0447178291595106,0.0342304094891278,69878/20643,2,BP,Snrpf/Snrpe
LTHSC.2,LTHSC,GO:0010043,response to zinc ion,2:61,32:23328,0.0031717244376581,0.0447178291595106,0.0342304094891278,12925/17025,2,BP,Crip1/Alad
LTHSC.2,LTHSC,GO:0002792,negative regulation of peptide secretion,3:61,116:23328,0.0034957027377267,0.0467186105469109,0.0357619589287179,13121/228355/16149,3,BP,Cyp51/Madd/Cd74
LTHSC.2,LTHSC,GO:0051607,defense response to virus,4:61,239:23328,0.0035499285342646,0.046954209375892,0.0359423040962442,94094/384309/76681/19264,4,BP,Trim34a/Trim56/Trim12a/Ptprc
LTHSC.2,LTHSC,GO:0042176,regulation of protein catabolic process,5:61,395:23328,0.0037119436283849,0.0481052896486658,0.0368234280200232,13121/13194/84092/11983/17025,5,BP,Cyp51/Ddb1/Usp8/Atpif1/Alad
LTHSC.2,LTHSC,GO:0043244,regulation of protein-containing complex disassembly,3:61,128:23328,0.0046050964669082,0.0559107224229154,0.0427982967720228,225363/20740/13860,3,BP,Etf1/Sptan1/Eps8
LTHSC.2,LTHSC,GO:0051693,actin filament capping,2:61,41:23328,0.0051650161208397,0.0597001412886252,0.0456990046538026,20740/13860,2,BP,Sptan1/Eps8
LTHSC.2,LTHSC,GO:0009411,response to UV,3:61,138:23328,0.0056752606031159,0.0611878937293927,0.0468378429253176,71101/13194/12925,3,BP,Uvssa/Ddb1/Crip1
LTHSC.2,LTHSC,GO:0010506,regulation of autophagy,4:61,278:23328,0.0060484353444462,0.0636077257944636,0.048690165456155,94094/60440/76681/11983,4,BP,Trim34a/Iigp1/Trim12a/Atpif1
LTHSC.2,LTHSC,GO:0046148,pigment biosynthetic process,2:61,53:23328,0.0085071227436099,0.0763261432171439,0.0584258043414656,11983/17025,2,BP,Atpif1/Alad
LTHSC.2,LTHSC,GO:0006289,nucleotide-excision repair,2:61,56:23328,0.0094596735257626,0.0815912576786315,0.0624561212734653,71101/13194,2,BP,Uvssa/Ddb1
LTHSC.2,LTHSC,GO:0018212,peptidyl-tyrosine modification,4:61,325:23328,0.0103525879003732,0.0863700170849694,0.0661141452518985,11804/22022/16149/19264,4,BP,Aplp2/Tpst2/Cd74/Ptprc
STHSC.1,STHSC,GO:0042771,intrinsic apoptotic signaling pathway in response to DNA damage by p53 class mediator,3:25,43:23328,1.30425598422357e-05,0.0096254091635699,0.0064251768485961,66940/16149/67941,3,BP,Shisa5/Cd74/Rps27l
STHSC.1,STHSC,GO:0045088,regulation of innate immune response,4:25,181:23328,3.90393127474621e-05,0.0144055064038135,0.0096159991399011,15950/100040462/93694/16149,4,BP,Ifi203/Mndal/Clec2d/Cd74
STHSC.1,STHSC,GO:0001819,positive regulation of cytokine production,5:25,449:23328,9.98487451042024e-05,0.0184220934717253,0.0122971612391491,18987/100040462/16149/16994/50701,5,BP,Pou2f2/Mndal/Cd74/Ltb/Elane
STHSC.1,STHSC,GO:0002831,regulation of response to biotic stimulus,4:25,291:23328,0.0002440051387473,0.0257251131993683,0.0171720909674859,15950/100040462/93694/16149,4,BP,Ifi203/Mndal/Clec2d/Cd74
STHSC.1,STHSC,GO:1903707,negative regulation of hemopoiesis,3:25,157:23328,0.0006169187349879,0.0430704132672409,0.0287504684197243,22695/93694/16149,3,BP,Zfp36/Clec2d/Cd74
STHSC.1,STHSC,GO:0010837,regulation of keratinocyte proliferation,2:25,35:23328,0.0006419709294575,0.0430704132672409,0.0287504684197243,20913/22695,2,BP,Stxbp4/Zfp36
STHSC.1,STHSC,GO:0035458,cellular response to interferon-beta,2:25,47:23328,0.0011571877504238,0.061000325700915,0.0407190877592757,15950/100040462,2,BP,Ifi203/Mndal
STHSC.1,STHSC,GO:0042274,ribosomal small subunit biogenesis,2:25,73:23328,0.0027656686004843,0.0896837600362256,0.059865924542795,67941/20068,2,BP,Rps27l/Rps17
MPP,MPP,GO:0009411,response to UV,6:62,138:23328,1.79920043316993e-06,0.0021626389206702,0.0017954126427843,12696/15574/12925/12043/50701/17685,6,BP,Cirbp/Hus1/Crip1/Bcl2/Elane/Msh2
MPP,MPP,GO:0006281,DNA repair,9:62,481:23328,4.81029616670356e-06,0.0028909879961888,0.0024000846137026,269582/71521/22256/15574/27221/56420/18140/17685/20833,9,BP,Clspn/Pds5a/Ung/Hus1/Chaf1a/Ppp4c/Uhrf1/Msh2/Ssrp1
MPP,MPP,GO:0044403,symbiotic process,7:62,374:23328,5.93144971629056e-05,0.0178240063974531,0.0147974061343249,66949/94094/72462/53356/12043/76681/50701,7,BP,Trim59/Trim34a/Rrp1b/Eif3g/Bcl2/Trim12a/Elane
MPP,MPP,GO:0000075,cell cycle checkpoint,5:62,180:23328,0.0001172666901458,0.0209857830474773,0.0174222982126355,241627/269582/15574/15461/17685,5,BP,Wdr76/Clspn/Hus1/Hras/Msh2
MPP,MPP,GO:0000077,DNA damage checkpoint,4:62,105:23328,0.0001768647360947,0.0209857830474773,0.0174222982126355,241627/269582/15574/17685,4,BP,Wdr76/Clspn/Hus1/Msh2
MPP,MPP,GO:0045786,negative regulation of cell cycle,7:62,451:23328,0.0001893964857975,0.0209857830474773,0.0174222982126355,241627/269582/15574/15461/12043/12571/17685,7,BP,Wdr76/Clspn/Hus1/Hras/Bcl2/Cdk6/Msh2
MPP,MPP,GO:0008637,apoptotic mitochondrial changes,4:62,111:23328,0.0002189701627094,0.0209857830474773,0.0174222982126355,103172/12043/14630/11740,4,BP,Chchd10/Bcl2/Gclm/Slc25a5
MPP,MPP,GO:0031570,DNA integrity checkpoint,4:62,113:23328,0.0002344826895001,0.0209857830474773,0.0174222982126355,241627/269582/15574/17685,4,BP,Wdr76/Clspn/Hus1/Msh2
MPP,MPP,GO:0033314,mitotic DNA replication checkpoint,2:62,10:23328,0.0003084881140392,0.0209857830474773,0.0174222982126355,269582/15574,2,BP,Clspn/Hus1
MPP,MPP,GO:0051340,regulation of ligase activity,2:62,10:23328,0.0003084881140392,0.0209857830474773,0.0174222982126355,100503670/14630,2,BP,Rpl5/Gclm
MPP,MPP,GO:1902036,regulation of hematopoietic stem cell differentiation,2:62,11:23328,0.0003763954153751,0.0209857830474773,0.0174222982126355,15526/12571,2,BP,Hspa9/Cdk6
MPP,MPP,GO:0046902,regulation of mitochondrial membrane permeability,3:62,53:23328,0.0003809382988406,0.0209857830474773,0.0174222982126355,103172/12043/11740,3,BP,Chchd10/Bcl2/Slc25a5
MPP,MPP,GO:0045930,negative regulation of mitotic cell cycle,5:62,236:23328,0.0004110094197338,0.0209857830474773,0.0174222982126355,269582/15574/15461/12043/17685,5,BP,Clspn/Hus1/Hras/Bcl2/Msh2
MPP,MPP,GO:0007093,mitotic cell cycle checkpoint,4:62,131:23328,0.0004117540984827,0.0209857830474773,0.0174222982126355,269582/15574/15461/17685,4,BP,Clspn/Hus1/Hras/Msh2
MPP,MPP,GO:0000209,protein polyubiquitination,5:62,237:23328,0.0004190172987849,0.0209857830474773,0.0174222982126355,94094/68612/77891/12043/76681,5,BP,Trim34a/Ube2c/Ube2s/Bcl2/Trim12a
MPP,MPP,GO:0016311,dephosphorylation,6:62,374:23328,0.0004706148543383,0.0226271621965862,0.0187849634489567,19253/72462/56420/100503670/76464/12043,6,BP,Ptpn18/Rrp1b/Ppp4c/Rpl5/Knl1/Bcl2
MPP,MPP,GO:0016446,somatic hypermutation of immunoglobulin genes,2:62,14:23328,0.0006195708697478,0.0275823772384025,0.0228987596304454,22256/17685,2,BP,Ung/Msh2
MPP,MPP,GO:0090559,regulation of membrane permeability,3:62,66:23328,0.0007260697940214,0.0281527707230259,0.0233722976140017,103172/12043/11740,3,BP,Chchd10/Bcl2/Slc25a5
MPP,MPP,GO:0031145,anaphase-promoting complex-dependent catabolic process,2:62,17:23328,0.0009212080042016,0.0316369148871551,0.0262648176837053,68612/77891,2,BP,Ube2c/Ube2s
MPP,MPP,GO:0009615,response to virus,5:62,286:23328,0.000978138667628,0.0326589632913572,0.0271133174535481,94094/72462/27027/12043/76681,5,BP,Trim34a/Rrp1b/Tspan32/Bcl2/Trim12a
MPP,MPP,GO:0043524,negative regulation of neuron apoptotic process,4:62,182:23328,0.0014051917493161,0.0411961093336102,0.0342008158755254,15461/12043/14630/17685,4,BP,Hras/Bcl2/Gclm/Msh2
MPP,MPP,GO:0034502,protein localization to chromosome,3:62,88:23328,0.0016704187537609,0.0474151828623848,0.039363861418286,30877/76464/17685,3,BP,Gnl3/Knl1/Msh2
MPP,MPP,GO:1904666,regulation of ubiquitin protein ligase activity,2:62,23:23328,0.0016962170241951,0.0474151828623848,0.039363861418286,77891/100503670,2,BP,Ube2s/Rpl5
MPP,MPP,GO:0008630,intrinsic apoptotic signaling pathway in response to DNA damage,3:62,111:23328,0.0032335102610093,0.0690549226530944,0.0573290714380712,12925/12043/17685,3,BP,Crip1/Bcl2/Msh2
MPP,MPP,GO:0048026,"positive regulation of mRNA splicing, via spliceosome",2:62,32:23328,0.0032746510742316,0.0690549226530944,0.0573290714380712,12696/19652,2,BP,Cirbp/Rbm3
MPP,MPP,GO:0034260,negative regulation of GTPase activity,2:62,33:23328,0.0034799741620938,0.0708971007260478,0.0588584389949149,72462/15461,2,BP,Rrp1b/Hras
MPP,MPP,GO:0006260,DNA replication,4:62,244:23328,0.0040518835284477,0.0773073650983199,0.0641802102751618,71521/27221/15461/20833,4,BP,Pds5a/Chaf1a/Hras/Ssrp1
MPP,MPP,GO:0010921,regulation of phosphatase activity,3:62,123:23328,0.0043131518410823,0.079161414321355,0.065719433204873,72462/100503670/76464,3,BP,Rrp1b/Rpl5/Knl1
MPP,MPP,GO:0007568,aging,4:62,251:23328,0.0044783495622729,0.079161414321355,0.065719433204873,15461/12043/12571/17685,4,BP,Hras/Bcl2/Cdk6/Msh2
MPP,MPP,GO:0045727,positive regulation of translation,3:62,128:23328,0.0048200775959135,0.0795971060183728,0.0660811423989994,12696/100503670/19652,3,BP,Cirbp/Rpl5/Rbm3
MPP,MPP,GO:0032781,positive regulation of ATPase activity,2:62,39:23328,0.0048341004487031,0.0795971060183728,0.0660811423989994,56455/17685,2,BP,Dynll1/Msh2
MPP,MPP,GO:0050931,pigment cell differentiation,2:62,39:23328,0.0048341004487031,0.0795971060183728,0.0660811423989994,12512/12043,2,BP,Cd63/Bcl2
MPP,MPP,GO:0009409,response to cold,2:62,40:23328,0.0050798604149739,0.0803420028789306,0.0666995522630933,12696/19652,2,BP,Cirbp/Rbm3
MPP,MPP,GO:0033059,cellular pigmentation,2:62,43:23328,0.0058509300012169,0.0868249118699104,0.0720816327635301,12512/12043,2,BP,Cd63/Bcl2
MEG,MEG,GO:0044403,symbiotic process,5:26,374:23328,5.14015851631396e-05,0.0214783344328275,0.0159223487060826,16852/12043/16476/50701/21973,5,BP,Lgals1/Bcl2/Jun/Elane/Top2a
MEG,MEG,GO:0050792,regulation of viral process,4:26,201:23328,6.89254817638763e-05,0.0214783344328275,0.0159223487060826,16852/12043/16476/21973,4,BP,Lgals1/Bcl2/Jun/Top2a
MEG,MEG,GO:0043903,regulation of symbiotic process,4:26,218:23328,9.4377141565477e-05,0.0214783344328275,0.0159223487060826,16852/12043/16476/21973,4,BP,Lgals1/Bcl2/Jun/Top2a
MEG,MEG,GO:0051881,regulation of mitochondrial membrane potential,3:26,81:23328,9.89810721779192e-05,0.0214783344328275,0.0159223487060826,22228/12043/14630,3,BP,Ucp2/Bcl2/Gclm
MEG,MEG,GO:0048524,positive regulation of viral process,3:26,85:23328,0.000114246459749,0.0214783344328275,0.0159223487060826,16852/16476/21973,3,BP,Lgals1/Jun/Top2a
MEG,MEG,GO:0042493,response to drug,4:26,260:23328,0.0001858252054684,0.0291126155233901,0.021581804564932,12043/14630/16476/17025,4,BP,Bcl2/Gclm/Jun/Alad
MEG,MEG,GO:0008637,apoptotic mitochondrial changes,3:26,111:23328,0.0002516907124868,0.0337984671053703,0.0250555265663552,12043/14630/16476,3,BP,Bcl2/Gclm/Jun
MEG,MEG,GO:0046686,response to cadmium ion,2:26,35:23328,0.0006948138750824,0.0676732025307394,0.0501675924695963,16476/17025,2,BP,Jun/Alad
MEG,MEG,GO:0009409,response to cold,2:26,40:23328,0.0009077347260902,0.0769435290764353,0.0570398838170215,22228/19652,2,BP,Ucp2/Rbm3
MEG,MEG,GO:0006979,response to oxidative stress,4:26,409:23328,0.0010253906874485,0.0769435290764353,0.0570398838170215,22228/12043/14630/16476,4,BP,Ucp2/Bcl2/Gclm/Jun
MEG,MEG,GO:0043524,negative regulation of neuron apoptotic process,3:26,182:23328,0.0010641126361634,0.0769435290764353,0.0570398838170215,12043/14630/16476,3,BP,Bcl2/Gclm/Jun
MEG,MEG,GO:0031103,axon regeneration,2:26,53:23328,0.0015894571613075,0.0923771761966602,0.0684811765310068,12043/16476,2,BP,Bcl2/Jun
MEG,MEG,GO:0002274,myeloid leukocyte activation,3:26,231:23328,0.002105956739151,0.0926237457839333,0.0686639638398251,27027/17988/16476,3,BP,Tspan32/Ndrg1/Jun
MEP,MEP,GO:2001138,regulation of phospholipid transport,3:67,10:23328,2.67840407040399e-06,0.0019766622039581,0.0015407871836587,18670/11980/13167,3,BP,Abcb4/Atp8a1/Dbi
MEP,MEP,GO:2001140,positive regulation of phospholipid transport,3:67,10:23328,2.67840407040399e-06,0.0019766622039581,0.0015407871836587,18670/11980/13167,3,BP,Abcb4/Atp8a1/Dbi
MEP,MEP,GO:0046034,ATP metabolic process,7:67,253:23328,8.11470342440574e-06,0.0032551931674743,0.0025373884838463,12867/22272/12257/108155/67530/27425/57423,7,BP,Cox7c/Uqcrq/Tspo/Ogt/Uqcrb/Atp5l/Atp5j2
MEP,MEP,GO:0002709,regulation of T cell mediated immunity,5:67,97:23328,8.82166170047237e-06,0.0032551931674743,0.0025373884838463,15015/15018/20737/268564/110557,5,BP,H2-Q4/H2-Q7/Spn/Zbtb1/H2-Q6
MEP,MEP,GO:0044403,symbiotic process,8:67,374:23328,1.15799029355162e-05,0.0034183873465643,0.0026645966123198,94094/13830/16852/11826/13209/76681/16476/50701,8,BP,Trim34a/Stom/Lgals1/Aqp1/Ddx6/Trim12a/Jun/Elane
MEP,MEP,GO:0006119,oxidative phosphorylation,5:67,108:23328,1.48916844649079e-05,0.0036633543783673,0.0028555458105516,12867/22272/67530/27425/57423,5,BP,Cox7c/Uqcrq/Uqcrb/Atp5l/Atp5j2
MEP,MEP,GO:0031397,negative regulation of protein ubiquitination,4:67,77:23328,7.18218804743942e-05,0.0117787883978007,0.0091814403928085,20115/12257/108155/100503670,4,BP,Rps7/Tspo/Ogt/Rpl5
MEP,MEP,GO:0031330,negative regulation of cellular catabolic process,6:67,250:23328,8.24158702298441e-05,0.012164582445925,0.0094821627538125,20115/110147/12257/108155/100503670/13167,6,BP,Rps7/Ehmt2/Tspo/Ogt/Rpl5/Dbi
MEP,MEP,GO:0002486,"antigen processing and presentation of endogenous peptide antigen via MHC class I via ER pathway, TAP-independent",3:67,33:23328,0.0001161531317685,0.0125098299204554,0.0097512794915545,15015/15018/110557,3,BP,H2-Q4/H2-Q7/H2-Q6
MEP,MEP,GO:0002476,antigen processing and presentation of endogenous peptide antigen via MHC class Ib,3:67,34:23328,0.0001271324178908,0.0125098299204554,0.0097512794915545,15015/15018/110557,3,BP,H2-Q4/H2-Q7/H2-Q6
MEP,MEP,GO:0002484,antigen processing and presentation of endogenous peptide antigen via MHC class I via ER pathway,3:67,34:23328,0.0001271324178908,0.0125098299204554,0.0097512794915545,15015/15018/110557,3,BP,H2-Q4/H2-Q7/H2-Q6
MEP,MEP,GO:0006275,regulation of DNA replication,4:67,110:23328,0.0002853917002926,0.0162014672935359,0.0126288715959454,108686/110147/19718/16476,4,BP,Ccdc88a/Ehmt2/Rfc2/Jun
MEP,MEP,GO:0051340,regulation of ligase activity,2:67,10:23328,0.0003602790371446,0.0180204974113244,0.0140467862434586,100503670/14630,2,BP,Rpl5/Gclm
MEP,MEP,GO:0051568,histone H3-K4 methylation,3:67,56:23328,0.0005629392770545,0.021305086485451,0.0166070885241748,110147/108155/238247,3,BP,Ehmt2/Ogt/Arid4a
MEP,MEP,GO:0021670,lateral ventricle development,2:67,13:23328,0.0006210160388581,0.0223565773988945,0.0174267145178945,11826/13167,2,BP,Aqp1/Dbi
MEP,MEP,GO:0009411,response to UV,4:67,138:23328,0.0006732310002192,0.0236592608648479,0.0184421424370837,11826/268564/22210/50701,4,BP,Aqp1/Zbtb1/Ube2b/Elane
MEP,MEP,GO:0019755,one-carbon compound transport,2:67,15:23328,0.000832887129802,0.0261562000763362,0.020388480019566,11826/108052,2,BP,Aqp1/Slc14a1
MEP,MEP,GO:0042493,response to drug,5:67,260:23328,0.0009100607396767,0.0267936423585174,0.0208853595049633,110147/11826/22210/14630/16476,5,BP,Ehmt2/Aqp1/Ube2b/Gclm/Jun
MEP,MEP,GO:0042255,ribosome assembly,3:67,66:23328,0.0009104629074398,0.0267936423585174,0.0208853595049633,54127/75617/100503670,3,BP,Rps28/Rps25/Rpl5
MEP,MEP,GO:0042776,mitochondrial ATP synthesis coupled proton transport,2:67,17:23328,0.0010747935500907,0.0281336704374007,0.0219298971531016,27425/57423,2,BP,Atp5l/Atp5j2
MEP,MEP,GO:0045123,cellular extravasation,3:67,72:23328,0.0011721502464435,0.0281336704374007,0.0219298971531016,19152/20737/50701,3,BP,Prtn3/Spn/Elane
MEP,MEP,GO:0035994,response to muscle stretch,2:67,19:23328,0.0013463940953438,0.0301102679504179,0.0234706339108592,110157/16476,2,BP,Raf1/Jun
MEP,MEP,GO:0051900,regulation of mitochondrial depolarization,2:67,21:23328,0.0016473503861099,0.032269965759175,0.0251540954034933,12257/14630,2,BP,Tspo/Gclm
MEP,MEP,GO:0015985,"energy coupled proton transport, down electrochemical gradient",2:67,24:23328,0.0021530935368271,0.0353107340039653,0.0275243419386208,27425/57423,2,BP,Atp5l/Atp5j2
MEP,MEP,GO:0006301,postreplication repair,2:67,25:23328,0.0023359906887569,0.0374774158326665,0.029213247400588,268564/22210,2,BP,Zbtb1/Ube2b
MEP,MEP,GO:0070193,synaptonemal complex organization,2:67,26:23328,0.0025259771361629,0.0400897016449092,0.031249496432667,110147/22210,2,BP,Ehmt2/Ube2b
MEP,MEP,GO:0006536,glutamate metabolic process,2:67,28:23328,0.0029270541059477,0.0428505289029189,0.0334015319432965,18242/14630,2,BP,Oat/Gclm
MEP,MEP,GO:0006364,rRNA processing,4:67,206:23328,0.0029321838883433,0.0428505289029189,0.0334015319432965,20115/54127/57808/100503670,4,BP,Rps7/Rps28/Rpl35a/Rpl5
MEP,MEP,GO:0031295,T cell costimulation,2:67,29:23328,0.003138063149194,0.0450174249653785,0.0350906043982019,16852/20737,2,BP,Lgals1/Spn
MEP,MEP,GO:0002438,acute inflammatory response to antigenic stimulus,2:67,32:23328,0.0038124872001934,0.0493616763814519,0.0384769022143253,20737/50701,2,BP,Spn/Elane
MEP,MEP,GO:0002274,myeloid leukocyte activation,4:67,231:23328,0.0044093308883677,0.0561049344071622,0.0437332001904353,19267/27027/17988/16476,4,BP,Ptpre/Tspan32/Ndrg1/Jun
MEP,MEP,GO:0090313,regulation of protein targeting to membrane,2:67,35:23328,0.0045481652947128,0.056482235323088,0.0440273022451399,13830/108155,2,BP,Stom/Ogt
MEP,MEP,GO:0051607,defense response to virus,4:67,239:23328,0.0049715073978194,0.0601470895014873,0.0468840171338794,94094/27027/20737/76681,4,BP,Trim34a/Tspan32/Spn/Trim12a
MEP,MEP,GO:0009409,response to cold,2:67,40:23328,0.0059075142194403,0.0681396197233463,0.0531141095119224,231507/19652,2,BP,Plac8/Rbm3
MEP,MEP,GO:0031647,regulation of protein stability,4:67,287:23328,0.0093733199443869,0.0898377937526956,0.0700276055995552,20115/233812/22210/100503670,4,BP,Rps7/Mosmo/Ube2b/Rpl5
MEP,MEP,GO:0007129,homologous chromosome pairing at meiosis,2:67,53:23328,0.0101895531371794,0.0964088489133129,0.0751496732721802,110147/22210,2,BP,Ehmt2/Ube2b
MEP,MEP,GO:0014009,glial cell proliferation,2:67,54:23328,0.0105620055930941,0.0974345015962932,0.0759491586398149,12257/13167,2,BP,Tspo/Dbi
MEP,MEP,GO:0007611,learning or memory,4:67,299:23328,0.010773310410821,0.0978670802383761,0.0762863490946692,110147/11980/16476/13167,4,BP,Ehmt2/Atp8a1/Jun/Dbi
MEP,MEP,GO:0048538,thymus development,2:67,56:23328,0.0113247769830464,0.0994962549224791,0.0775562734490584,268564/110157,2,BP,Zbtb1/Raf1
CFUe,CFUe,GO:0046034,ATP metabolic process,8:29,253:23328,6.04076892750783e-10,6.19178815069553e-07,4.24761436165814e-07,67267/12867/22272/17319/11958/27425/12859/66152,8,BP,Uqcc2/Cox7c/Uqcrq/Mif/Atp5k/Atp5l/Cox5b/Uqcr10
CFUe,CFUe,GO:0006119,oxidative phosphorylation,6:29,108:23328,3.72735386011696e-09,1.91026885330994e-06,1.31045914660954e-06,67267/12867/22272/27425/12859/66152,6,BP,Uqcc2/Cox7c/Uqcrq/Atp5l/Cox5b/Uqcr10
CFUe,CFUe,GO:0015985,"energy coupled proton transport, down electrochemical gradient",3:29,24:23328,3.43500602046841e-06,0.000395017797382,0.0002709852515031,11958/27425/12859,3,BP,Atp5k/Atp5l/Cox5b
CFUe,CFUe,GO:0015986,ATP synthesis coupled proton transport,3:29,24:23328,3.43500602046841e-06,0.000395017797382,0.0002709852515031,11958/27425/12859,3,BP,Atp5k/Atp5l/Cox5b
CFUe,CFUe,GO:0002486,"antigen processing and presentation of endogenous peptide antigen via MHC class I via ER pathway, TAP-independent",3:29,33:23328,9.19018136077961e-06,0.0008602425771985,0.0005901330337033,15018/14972/110557,3,BP,H2-Q7/H2-K1/H2-Q6
CFUe,CFUe,GO:0002476,antigen processing and presentation of endogenous peptide antigen via MHC class Ib,3:29,34:23328,1.0071132611105e-05,0.0008602425771985,0.0005901330337033,15018/14972/110557,3,BP,H2-Q7/H2-K1/H2-Q6
CFUe,CFUe,GO:0002484,antigen processing and presentation of endogenous peptide antigen via MHC class I via ER pathway,3:29,34:23328,1.0071132611105e-05,0.0008602425771985,0.0005901330337033,15018/14972/110557,3,BP,H2-Q7/H2-K1/H2-Q6
CFUe,CFUe,GO:0001916,positive regulation of T cell mediated cytotoxicity,3:29,51:23328,3.45543023789794e-05,0.0018641136809712,0.0012787963428896,15018/14972/110557,3,BP,H2-Q7/H2-K1/H2-Q6
CFUe,CFUe,GO:0017062,respiratory chain complex III assembly,2:29,10:23328,6.67345378530082e-05,0.0026502520188244,0.0018180932976377,67267/66152,2,BP,Uqcc2/Uqcr10
CFUe,CFUe,GO:0034551,mitochondrial respiratory chain complex III assembly,2:29,10:23328,6.67345378530082e-05,0.0026502520188244,0.0018180932976377,67267/66152,2,BP,Uqcc2/Uqcr10
CFUe,CFUe,GO:0045840,positive regulation of mitotic nuclear division,3:29,65:23328,7.16342390378507e-05,0.0026502520188244,0.0018180932976377,11799/20698/71175,3,BP,Birc5/Sphk1/Nipbl
CFUe,CFUe,GO:0045787,positive regulation of cell cycle,5:29,358:23328,7.25935432715599e-05,0.0026502520188244,0.0018180932976377,66197/11799/17319/20698/71175,5,BP,Cks2/Birc5/Mif/Sphk1/Nipbl
CFUe,CFUe,GO:0001516,prostaglandin biosynthetic process,2:29,29:23328,0.0005933366888383,0.0106696509834973,0.0073194627542759,17319/20698,2,BP,Mif/Sphk1
CFUe,CFUe,GO:0046457,prostanoid biosynthetic process,2:29,29:23328,0.0005933366888383,0.0106696509834973,0.0073194627542759,17319/20698,2,BP,Mif/Sphk1
CFUe,CFUe,GO:0009409,response to cold,2:29,40:23328,0.001130289114666,0.0160909214240646,0.0110384960321182,231507/19652,2,BP,Plac8/Rbm3
CFUe,CFUe,GO:0048146,positive regulation of fibroblast proliferation,2:29,69:23328,0.0033245532124359,0.0358701793973353,0.0246072193452323,17319/20698,2,BP,Mif/Sphk1
CFUe,CFUe,GO:0032543,mitochondrial translation,2:29,76:23328,0.0040171129828474,0.0424488743032844,0.0291202547210208,67267/102436,2,BP,Uqcc2/Lars2
CFUe,CFUe,GO:1990542,mitochondrial transmembrane transport,2:29,83:23328,0.0047708540717308,0.0465726230811819,0.0319491781445233,27425/12859,2,BP,Atp5l/Cox5b
CFUe,CFUe,GO:0040014,regulation of multicellular organism growth,2:29,91:23328,0.0057058566362209,0.0551745570955328,0.0378501711320318,231507/71175,2,BP,Plac8/Nipbl
CFUe,CFUe,GO:0045927,positive regulation of growth,3:29,312:23328,0.0066932087724228,0.0635235091827171,0.043577616568991,20698/110196/71175,3,BP,Sphk1/Fdps/Nipbl
CFUe,CFUe,GO:0140053,mitochondrial gene expression,2:29,107:23328,0.0078054228566213,0.0714335573931864,0.0490039705660062,67267/102436,2,BP,Uqcc2/Lars2
CFUe,CFUe,GO:0050764,regulation of phagocytosis,2:29,113:23328,0.0086697372480885,0.0779515849060591,0.0534753876428729,19152/20698,2,BP,Prtn3/Sphk1
CFUe,CFUe,GO:0050708,regulation of protein secretion,3:29,365:23328,0.0102698846452021,0.0892087437401028,0.0611978853077162,67267/11799/17319,3,BP,Uqcc2/Birc5/Mif
CFUe,CFUe,GO:0018026,peptidyl-lysine monomethylation,1:29,10:23328,0.0123644718993466,0.0982448348591497,0.0673967134130033,214162,1,BP,Kmt2a
CFUe,CFUe,GO:0045542,positive regulation of cholesterol biosynthetic process,1:29,10:23328,0.0123644718993466,0.0982448348591497,0.0673967134130033,110196,1,BP,Fdps
CFUe,CFUe,GO:0048703,embryonic viscerocranium morphogenesis,1:29,10:23328,0.0123644718993466,0.0982448348591497,0.0673967134130033,71175,1,BP,Nipbl
CFUe,CFUe,GO:0090237,regulation of arachidonic acid secretion,1:29,10:23328,0.0123644718993466,0.0982448348591497,0.0673967134130033,17319,1,BP,Mif
CFUe,CFUe,GO:0106120,positive regulation of sterol biosynthetic process,1:29,10:23328,0.0123644718993466,0.0982448348591497,0.0673967134130033,110196,1,BP,Fdps
CFUe,CFUe,GO:1905522,negative regulation of macrophage migration,1:29,10:23328,0.0123644718993466,0.0982448348591497,0.0673967134130033,17319,1,BP,Mif
GMP,GMP,GO:0002181,cytoplasmic translation,6:24,91:23328,3.7911180129447004e-10,2.01687478288658e-07,1.30893337710091e-07,20090/54127/57808/27370/67248/67671,6,BP,Rps29/Rps28/Rpl35a/Rps26/Rpl39/Rpl38
GMP,GMP,GO:0018119,peptidyl-cysteine S-nitrosylation,2:24,16:23328,0.0001206593247866,0.0181759540254221,0.0117960287303887,20201/20202,2,BP,S100a8/S100a9
GMP,GMP,GO:0070486,leukocyte aggregation,2:24,16:23328,0.0001206593247866,0.0181759540254221,0.0117960287303887,20201/20202,2,BP,S100a8/S100a9
GMP,GMP,GO:0017014,protein nitrosylation,2:24,17:23328,0.0001366613084618,0.0181759540254221,0.0117960287303887,20201/20202,2,BP,S100a8/S100a9
GMP,GMP,GO:0000028,ribosomal small subunit assembly,2:24,21:23328,0.0002104913119854,0.0223962755952506,0.0145349790170997,54127/67671,2,BP,Rps28/Rpl38
GMP,GMP,GO:0002523,leukocyte migration involved in inflammatory response,2:24,24:23328,0.0002761247002519,0.0233407294078102,0.0151479209453141,20201/20202,2,BP,S100a8/S100a9
GMP,GMP,GO:0061844,antimicrobial humoral immune response mediated by antimicrobial peptide,3:24,129:23328,0.000307114860629,0.0233407294078102,0.0151479209453141,14109/67248/20202,3,BP,Fau/Rpl39/S100a9
GMP,GMP,GO:0035966,response to topologically incorrect protein,3:24,141:23328,0.0003986066104008,0.0235620796370282,0.0152915752294128,64136/15519/100037258,3,BP,Sdf2l1/Hsp90aa1/Dnajc3
GMP,GMP,GO:0014002,astrocyte development,2:24,38:23328,0.0006971599099734,0.0287436109737875,0.0186543419062174,20201/20202,2,BP,S100a8/S100a9
GMP,GMP,GO:0006914,autophagy,4:24,425:23328,0.000864469502971,0.0287436109737875,0.0186543419062174,12257/20201/76681/20202,4,BP,Tspo/S100a8/Trim12a/S100a9
GMP,GMP,GO:0061919,process utilizing autophagic mechanism,4:24,425:23328,0.000864469502971,0.0287436109737875,0.0186543419062174,12257/20201/76681/20202,4,BP,Tspo/S100a8/Trim12a/S100a9
GMP,GMP,GO:0046596,regulation of viral entry into host cell,2:24,48:23328,0.0011116288290051,0.0337597872563618,0.0219097946578683,16852/76681,2,BP,Lgals1/Trim12a
GMP,GMP,GO:0046034,ATP metabolic process,3:24,253:23328,0.0021557477768801,0.0468201049180545,0.0303858219491925,12866/12257/13806,3,BP,Cox7a2/Tspo/Eno1
GMP,GMP,GO:2001244,positive regulation of intrinsic apoptotic signaling pathway,2:24,68:23328,0.0022169482463338,0.0468201049180545,0.0303858219491925,20201/20202,2,BP,S100a8/S100a9
GMP,GMP,GO:0045428,regulation of nitric oxide biosynthetic process,2:24,69:23328,0.0022816947140943,0.0468201049180545,0.0303858219491925,12257/15519,2,BP,Tspo/Hsp90aa1
GMP,GMP,GO:0006919,activation of cysteine-type endopeptidase activity involved in apoptotic process,2:24,76:23328,0.0027597427979594,0.0468201049180545,0.0303858219491925,20201/20202,2,BP,S100a8/S100a9
GMP,GMP,GO:0006809,nitric oxide biosynthetic process,2:24,77:23328,0.0028315606512326,0.0468201049180545,0.0303858219491925,12257/15519,2,BP,Tspo/Hsp90aa1
GMP,GMP,GO:2001057,reactive nitrogen species metabolic process,2:24,86:23328,0.0035171403697253,0.0479774019665103,0.0311368972002679,12257/15519,2,BP,Tspo/Hsp90aa1
GMP,GMP,GO:0072655,establishment of protein localization to mitochondrion,2:24,93:23328,0.0040986315891487,0.0519160001292172,0.0336930115599193,12257/15519,2,BP,Tspo/Hsp90aa1
GMP,GMP,GO:0010940,positive regulation of necrotic cell death,1:24,10:23328,0.0102425331587662,0.076883463810364,0.0498966682425789,12257,1,BP,Tspo
GMP,GMP,GO:0050729,positive regulation of inflammatory response,2:24,152:23328,0.0105965547013879,0.076883463810364,0.0498966682425789,20201/20202,2,BP,S100a8/S100a9
GMP,GMP,GO:0051901,positive regulation of mitochondrial depolarization,1:24,11:23328,0.0112612388455398,0.076883463810364,0.0498966682425789,12257,1,BP,Tspo
GMP,GMP,GO:0009266,response to temperature stimulus,2:24,159:23328,0.011547828180556,0.076883463810364,0.0498966682425789,15519/100037258,2,BP,Hsp90aa1/Dnajc3
GMP,GMP,GO:0071236,cellular response to antibiotic,1:24,12:23328,0.0122789396761661,0.076883463810364,0.0498966682425789,65019,1,BP,Rpl23
GMP,GMP,GO:0007596,blood coagulation,2:24,166:23328,0.0125354737445107,0.076883463810364,0.0498966682425789,27027/20202,2,BP,Tspan32/S100a9
GMP,GMP,GO:0031346,positive regulation of cell projection organization,3:24,478:23328,0.0125679504558339,0.076883463810364,0.0498966682425789,15519/16819/20202,3,BP,Hsp90aa1/Lcn2/S100a9
GMP,GMP,GO:0007005,mitochondrion organization,3:24,481:23328,0.0127808210346801,0.076883463810364,0.0498966682425789,12866/12257/15519,3,BP,Cox7a2/Tspo/Hsp90aa1
GMP,GMP,GO:0007599,hemostasis,2:24,168:23328,0.0128242650420509,0.076883463810364,0.0498966682425789,27027/20202,2,BP,Tspan32/S100a9
GMP,GMP,GO:0050817,coagulation,2:24,169:23328,0.0129697541973373,0.076883463810364,0.0498966682425789,27027/20202,2,BP,Tspan32/S100a9
GMP,GMP,GO:0097577,sequestering of iron ion,1:24,13:23328,0.0132956365987847,0.076883463810364,0.0498966682425789,16819,1,BP,Lcn2
GMP,GMP,GO:1901678,iron coordination entity transport,1:24,13:23328,0.0132956365987847,0.076883463810364,0.0498966682425789,16819,1,BP,Lcn2
GMP,GMP,GO:1904181,positive regulation of membrane depolarization,1:24,13:23328,0.0132956365987847,0.076883463810364,0.0498966682425789,12257,1,BP,Tspo
GMP,GMP,GO:0050821,protein stabilization,2:24,178:23328,0.0143116887443883,0.080998068212921,0.0525670090499368,15519/65019,2,BP,Hsp90aa1/Rpl23
GMP,GMP,GO:0032986,protein-DNA complex disassembly,1:24,16:23328,0.0163397133871902,0.0888154447400555,0.0576404152646185,65019,1,BP,Rpl23
GMP,GMP,GO:1903729,regulation of plasma membrane organization,1:24,16:23328,0.0163397133871902,0.0888154447400555,0.0576404152646185,20202,1,BP,S100a9
GMP,GMP,GO:0045793,positive regulation of cell size,1:24,17:23328,0.0173524041421108,0.0888154447400555,0.0576404152646185,15519,1,BP,Hsp90aa1
GMP,GMP,GO:0060253,negative regulation of glial cell proliferation,1:24,17:23328,0.0173524041421108,0.0888154447400555,0.0576404152646185,12257,1,BP,Tspo
GMP,GMP,GO:0098760,response to interleukin-7,1:24,17:23328,0.0173524041421108,0.0888154447400555,0.0576404152646185,13806,1,BP,Eno1
GMP,GMP,GO:0098761,cellular response to interleukin-7,1:24,17:23328,0.0173524041421108,0.0888154447400555,0.0576404152646185,13806,1,BP,Eno1
GMP,GMP,GO:0060416,response to growth hormone,1:24,18:23328,0.0183640957169288,0.0888154447400555,0.0576404152646185,12301,1,BP,Cacybp
GMP,GMP,GO:0006364,rRNA processing,2:24,206:23328,0.0188512627931448,0.0893677151892808,0.0579988337595649,54127/57808,2,BP,Rps28/Rpl35a
GMP,GMP,GO:0002544,chronic inflammatory response,1:24,19:23328,0.0193747890546719,0.0893677151892808,0.0579988337595649,20202,1,BP,S100a9
GMP,GMP,GO:0071157,negative regulation of cell cycle arrest,1:24,20:23328,0.0203844850975176,0.0893677151892808,0.0579988337595649,65019,1,BP,Rpl23
GMP,GMP,GO:0016072,rRNA metabolic process,2:24,215:23328,0.0204238695638317,0.0893677151892808,0.0579988337595649,54127/57808,2,BP,Rps28/Rpl35a
GMP,GMP,GO:0002793,positive regulation of peptide secretion,2:24,230:23328,0.0231630453854982,0.0936303954628608,0.0607652744594743,20201/20202,2,BP,S100a8/S100a9
GMP,GMP,GO:0002313,mature B cell differentiation involved in immune response,1:24,23:23328,0.0234075988657152,0.0936303954628608,0.0607652744594743,16852,1,BP,Lgals1
GMP,GMP,GO:0097502,mannosylation,1:24,23:23328,0.0234075988657152,0.0936303954628608,0.0607652744594743,64136,1,BP,Sdf2l1
GMP,GMP,GO:0042474,middle ear morphogenesis,1:24,24:23328,0.024413315133779,0.0948020704464994,0.0615256808596197,67671,1,BP,Rpl38
GMP,GMP,GO:0048266,behavioral response to pain,1:24,25:23328,0.0254180388051138,0.0959035223001458,0.0622405130875501,12257,1,BP,Tspo
GMP,GMP,GO:0031330,negative regulation of cellular catabolic process,2:24,250:23328,0.0270378386549236,0.0985214394823243,0.0639395175112829,12257/65019,2,BP,Tspo/Rpl23
CMP,CMP,GO:0044403,symbiotic process,5:23,374:23328,2.73545381694409e-05,0.0107999325659031,0.0068972000420879,20568/16852/76681/16476/50701,5,BP,Slpi/Lgals1/Trim12a/Jun/Elane
CMP,CMP,GO:0050792,regulation of viral process,4:23,201:23328,4.16596791431478e-05,0.0107999325659031,0.0068972000420879,20568/16852/76681/16476,4,BP,Slpi/Lgals1/Trim12a/Jun
CMP,CMP,GO:0043903,regulation of symbiotic process,4:23,218:23328,5.71425003486934e-05,0.0107999325659031,0.0068972000420879,20568/16852/76681/16476,4,BP,Slpi/Lgals1/Trim12a/Jun
CMP,CMP,GO:0002523,leukocyte migration involved in inflammatory response,2:23,24:23328,0.0002532734028631,0.028721203884686,0.0183423264389343,20201/50701,2,BP,S100a8/Elane
CMP,CMP,GO:0045737,positive regulation of cyclin-dependent protein serine/threonine kinase activity,2:23,28:23328,0.0003460432746432,0.0327010894537871,0.0208840151714523,66197/18712,2,BP,Cks2/Pim1
CMP,CMP,GO:0042742,defense response to bacterium,4:23,464:23328,0.0010133785856507,0.0578527547732285,0.0369467142708449,20568/14972/16819/50701,4,BP,Slpi/H2-K1/Lcn2/Elane
CMP,CMP,GO:0033002,muscle cell proliferation,3:23,236:23328,0.0015588842502308,0.067991336144684,0.0434215532048107,18712/16476/50701,3,BP,Pim1/Jun/Elane
CMP,CMP,GO:0051899,membrane depolarization,2:23,83:23328,0.0030143457589459,0.0942560365807383,0.0601950739511259,16476/11983,2,BP,Jun/Atpif1
CMP,CMP,GO:0002181,cytoplasmic translation,2:23,91:23328,0.0036099969267258,0.0974699170215973,0.0622475660548212,54127/57808,2,BP,Rps28/Rpl35a
Ery,Ery,GO:0032720,negative regulation of tumor necrosis factor production,2:17,53:23328,0.0006738906142111,0.0700906128375914,0.0385293427294362,12257/14870,2,BP,Tspo/Gstp1
Ery,Ery,GO:1903556,negative regulation of tumor necrosis factor superfamily cytokine production,2:17,54:23328,0.0006995098038471,0.0700906128375914,0.0385293427294362,12257/14870,2,BP,Tspo/Gstp1
Ery,Ery,GO:0001818,negative regulation of cytokine production,3:17,260:23328,0.0008289824716409,0.0700906128375914,0.0385293427294362,12257/14870/50701,3,BP,Tspo/Gstp1/Elane
Ery,Ery,GO:0045840,positive regulation of mitotic nuclear division,2:17,65:23328,0.001011979179869,0.0700906128375914,0.0385293427294362,68612/20698,2,BP,Ube2c/Sphk1
Ery,Ery,GO:0045123,cellular extravasation,2:17,72:23328,0.0012398450046262,0.0700906128375914,0.0385293427294362,19152/50701,2,BP,Prtn3/Elane
Ery,Ery,GO:0048002,antigen processing and presentation of peptide antigen,2:17,72:23328,0.0012398450046262,0.0700906128375914,0.0385293427294362,13034/15018,2,BP,Ctse/H2-Q7
Ery,Ery,GO:1903037,regulation of leukocyte cell-cell adhesion,3:17,309:23328,0.0013636692248255,0.0700906128375914,0.0385293427294362,14870/16852/50701,3,BP,Gstp1/Lgals1/Elane
Ery,Ery,GO:0032543,mitochondrial translation,2:17,76:23328,0.0013800908357748,0.0700906128375914,0.0385293427294362,102436/68836,2,BP,Lars2/Mrpl52
Ery,Ery,GO:0032651,regulation of interleukin-1 beta production,2:17,80:23328,0.0015275879570013,0.0700906128375914,0.0385293427294362,14870/20698,2,BP,Gstp1/Sphk1
Ery,Ery,GO:0051785,positive regulation of nuclear division,2:17,81:23328,0.0015655907497889,0.0700906128375914,0.0385293427294362,68612/20698,2,BP,Ube2c/Sphk1
Ery,Ery,GO:0007159,leukocyte cell-cell adhesion,3:17,345:23328,0.0018693296193008,0.0700906128375914,0.0385293427294362,14870/16852/50701,3,BP,Gstp1/Lgals1/Elane
Ery,Ery,GO:0002181,cytoplasmic translation,2:17,91:23328,0.0019702816070845,0.0700906128375914,0.0385293427294362,57808/67248,2,BP,Rpl35a/Rpl39
Ery,Ery,GO:0032611,interleukin-1 beta production,2:17,91:23328,0.0019702816070845,0.0700906128375914,0.0385293427294362,14870/20698,2,BP,Gstp1/Sphk1
Ery,Ery,GO:0006909,phagocytosis,3:17,358:23328,0.0020771625886009,0.0700906128375914,0.0385293427294362,19152/50701/20698,3,BP,Prtn3/Elane/Sphk1
Ery,Ery,GO:0032652,regulation of interleukin-1 production,2:17,98:23328,0.0022800337307472,0.0700906128375914,0.0385293427294362,14870/20698,2,BP,Gstp1/Sphk1
Ery,Ery,GO:0019731,antibacterial humoral response,2:17,104:23328,0.0025627078454909,0.0700906128375914,0.0385293427294362,67248/50701,2,BP,Rpl39/Elane
Ery,Ery,GO:0048145,regulation of fibroblast proliferation,2:17,107:23328,0.0027099468319356,0.0700906128375914,0.0385293427294362,14870/20698,2,BP,Gstp1/Sphk1
Ery,Ery,GO:0140053,mitochondrial gene expression,2:17,107:23328,0.0027099468319356,0.0700906128375914,0.0385293427294362,102436/68836,2,BP,Lars2/Mrpl52
Ery,Ery,GO:0048144,fibroblast proliferation,2:17,109:23328,0.0028102813225744,0.0700906128375914,0.0385293427294362,14870/20698,2,BP,Gstp1/Sphk1
Ery,Ery,GO:0002526,acute inflammatory response,2:17,110:23328,0.0028610993662569,0.0700906128375914,0.0385293427294362,14870/50701,2,BP,Gstp1/Elane
Ery,Ery,GO:0032612,interleukin-1 production,2:17,110:23328,0.0028610993662569,0.0700906128375914,0.0385293427294362,14870/20698,2,BP,Gstp1/Sphk1
Ery,Ery,GO:0050764,regulation of phagocytosis,2:17,113:23328,0.0030161496990286,0.0700906128375914,0.0385293427294362,19152/20698,2,BP,Prtn3/Sphk1
Ery,Ery,GO:2000379,positive regulation of reactive oxygen species metabolic process,2:17,114:23328,0.0030686966048269,0.0700906128375914,0.0385293427294362,12257/14870,2,BP,Tspo/Gstp1
Ery,Ery,GO:0019882,antigen processing and presentation,2:17,116:23328,0.00317508212407,0.0700906128375914,0.0385293427294362,13034/15018,2,BP,Ctse/H2-Q7
Ery,Ery,GO:0032680,regulation of tumor necrosis factor production,2:17,120:23328,0.0033930037686158,0.0700906128375914,0.0385293427294362,12257/14870,2,BP,Tspo/Gstp1
Ery,Ery,GO:0022407,regulation of cell-cell adhesion,3:17,427:23328,0.0034212638202746,0.0700906128375914,0.0385293427294362,14870/16852/50701,3,BP,Gstp1/Lgals1/Elane
Ery,Ery,GO:1903555,regulation of tumor necrosis factor superfamily cytokine production,2:17,122:23328,0.0035045306418795,0.0700906128375914,0.0385293427294362,12257/14870,2,BP,Tspo/Gstp1
Ery,Ery,GO:0001909,leukocyte mediated cytotoxicity,2:17,141:23328,0.0046484017234366,0.0809721590534129,0.0445110114094785,15018/50701,2,BP,H2-Q7/Elane
Ery,Ery,GO:0010940,positive regulation of necrotic cell death,1:17,10:23328,0.0072649256257224,0.0898294402298264,0.0493799262082086,12257,1,BP,Tspo
Ery,Ery,GO:0046598,positive regulation of viral entry into host cell,1:17,10:23328,0.0072649256257224,0.0898294402298264,0.0493799262082086,16852,1,BP,Lgals1
Ery,Ery,GO:0075294,positive regulation by symbiont of entry into host,1:17,10:23328,0.0072649256257224,0.0898294402298264,0.0493799262082086,16852,1,BP,Lgals1
Ery,Ery,GO:0046890,regulation of lipid biosynthetic process,2:17,184:23328,0.0077847803711639,0.0898294402298264,0.0493799262082086,12257/20698,2,BP,Tspo/Sphk1
Ery,Ery,GO:0051901,positive regulation of mitochondrial depolarization,1:17,11:23328,0.0079886796468371,0.0898294402298264,0.0493799262082086,12257,1,BP,Tspo
Ery,Ery,GO:0045766,positive regulation of angiogenesis,2:17,188:23328,0.0081140013855982,0.0898294402298264,0.0493799262082086,109901/20698,2,BP,Cela1/Sphk1
Ery,Ery,GO:2000303,regulation of ceramide biosynthetic process,1:17,12:23328,0.0087119370318354,0.0898294402298264,0.0493799262082086,20698,1,BP,Sphk1
Ery,Ery,GO:0000302,response to reactive oxygen species,2:17,202:23328,0.0093150929942946,0.0898294402298264,0.0493799262082086,14870/20698,2,BP,Gstp1/Sphk1
Ery,Ery,GO:0046512,sphingosine biosynthetic process,1:17,13:23328,0.0094346981002204,0.0898294402298264,0.0493799262082086,20698,1,BP,Sphk1
Ery,Ery,GO:0046520,sphingoid biosynthetic process,1:17,13:23328,0.0094346981002204,0.0898294402298264,0.0493799262082086,20698,1,BP,Sphk1
Ery,Ery,GO:1904181,positive regulation of membrane depolarization,1:17,13:23328,0.0094346981002204,0.0898294402298264,0.0493799262082086,12257,1,BP,Tspo
Ery,Ery,GO:0031396,regulation of protein ubiquitination,2:17,206:23328,0.0096720678631604,0.0898294402298264,0.0493799262082086,12257/20698,2,BP,Tspo/Sphk1
Ery,Ery,GO:1904018,positive regulation of vasculature development,2:17,208:23328,0.0098528348482511,0.0898294402298264,0.0493799262082086,109901/20698,2,BP,Cela1/Sphk1
Ery,Ery,GO:0043508,negative regulation of JUN kinase activity,1:17,14:23328,0.0101569631713035,0.0898294402298264,0.0493799262082086,14870,1,BP,Gstp1
Ery,Ery,GO:0090153,regulation of sphingolipid biosynthetic process,1:17,14:23328,0.0101569631713035,0.0898294402298264,0.0493799262082086,20698,1,BP,Sphk1
Ery,Ery,GO:1903978,regulation of microglial cell activation,1:17,16:23328,0.0116000065978507,0.0898294402298264,0.0493799262082086,20698,1,BP,Sphk1
Ery,Ery,GO:0032872,regulation of stress-activated MAPK cascade,2:17,232:23328,0.012138921389454,0.0898294402298264,0.0493799262082086,14870/20698,2,BP,Gstp1/Sphk1
Ery,Ery,GO:0031145,anaphase-promoting complex-dependent catabolic process,1:17,17:23328,0.0123207855909806,0.0898294402298264,0.0493799262082086,68612,1,BP,Ube2c
Ery,Ery,GO:0060253,negative regulation of glial cell proliferation,1:17,17:23328,0.0123207855909806,0.0898294402298264,0.0493799262082086,12257,1,BP,Tspo
Ery,Ery,GO:0070302,regulation of stress-activated protein kinase signaling cascade,2:17,235:23328,0.0124396485397978,0.0898294402298264,0.0493799262082086,14870/20698,2,BP,Gstp1/Sphk1
Ery,Ery,GO:1903320,regulation of protein modification by small protein conjugation or removal,2:17,240:23328,0.01294813990544,0.0898294402298264,0.0493799262082086,12257/20698,2,BP,Tspo/Sphk1
Ery,Ery,GO:0006670,sphingosine metabolic process,1:17,18:23328,0.0130410698621378,0.0898294402298264,0.0493799262082086,20698,1,BP,Sphk1
Ery,Ery,GO:0016540,protein autoprocessing,1:17,18:23328,0.0130410698621378,0.0898294402298264,0.0493799262082086,13034,1,BP,Ctse
Ery,Ery,GO:0045019,negative regulation of nitric oxide biosynthetic process,1:17,18:23328,0.0130410698621378,0.0898294402298264,0.0493799262082086,12257,1,BP,Tspo
Ery,Ery,GO:0045217,cell-cell junction maintenance,1:17,20:23328,0.0144801555117612,0.0898294402298264,0.0493799262082086,19152,1,BP,Prtn3
Ery,Ery,GO:0046519,sphingoid metabolic process,1:17,20:23328,0.0144801555117612,0.0898294402298264,0.0493799262082086,20698,1,BP,Sphk1
Ery,Ery,GO:0060252,positive regulation of glial cell proliferation,1:17,20:23328,0.0144801555117612,0.0898294402298264,0.0493799262082086,12257,1,BP,Tspo
Ery,Ery,GO:0051403,stress-activated MAPK cascade,2:17,257:23328,0.0147442694136407,0.0898294402298264,0.0493799262082086,14870/20698,2,BP,Gstp1/Sphk1
Ery,Ery,GO:0034312,diol biosynthetic process,1:17,21:23328,0.0151989575263614,0.0898294402298264,0.0493799262082086,20698,1,BP,Sphk1
Ery,Ery,GO:0051900,regulation of mitochondrial depolarization,1:17,21:23328,0.0151989575263614,0.0898294402298264,0.0493799262082086,12257,1,BP,Tspo
Ery,Ery,GO:0006516,glycoprotein catabolic process,1:17,22:23328,0.0159172660912584,0.0898294402298264,0.0493799262082086,109901,1,BP,Cela1
Ery,Ery,GO:0000375,"RNA splicing, via transesterification reactions",2:17,271:23328,0.016300152708653,0.0898294402298264,0.0493799262082086,69878/66177,2,BP,Snrpf/Ubl5
Ery,Ery,GO:0000377,"RNA splicing, via transesterification reactions with bulged adenosine as nucleophile",2:17,271:23328,0.016300152708653,0.0898294402298264,0.0493799262082086,69878/66177,2,BP,Snrpf/Ubl5
Ery,Ery,GO:0000398,"mRNA splicing, via spliceosome",2:17,271:23328,0.016300152708653,0.0898294402298264,0.0493799262082086,69878/66177,2,BP,Snrpf/Ubl5
Ery,Ery,GO:0031098,stress-activated protein kinase signaling cascade,2:17,272:23328,0.0164138982229017,0.0898294402298264,0.0493799262082086,14870/20698,2,BP,Gstp1/Sphk1
Ery,Ery,GO:0002313,mature B cell differentiation involved in immune response,1:17,23:23328,0.0166350815240419,0.0898294402298264,0.0493799262082086,16852,1,BP,Lgals1
Ery,Ery,GO:0048266,behavioral response to pain,1:17,25:23328,0.0180692342626729,0.0901568184620652,0.0495598885113107,12257,1,BP,Tspo
Ery,Ery,GO:0001956,positive regulation of neurotransmitter secretion,1:17,27:23328,0.0195014182791585,0.0901568184620652,0.0495598885113107,20698,1,BP,Sphk1
Ery,Ery,GO:0051767,nitric-oxide synthase biosynthetic process,1:17,27:23328,0.0195014182791585,0.0901568184620652,0.0495598885113107,14870,1,BP,Gstp1
Ery,Ery,GO:0051769,regulation of nitric-oxide synthase biosynthetic process,1:17,27:23328,0.0195014182791585,0.0901568184620652,0.0495598885113107,14870,1,BP,Gstp1
Ery,Ery,GO:0001516,prostaglandin biosynthetic process,1:17,29:23328,0.0209316361073548,0.0901568184620652,0.0495598885113107,20698,1,BP,Sphk1
Ery,Ery,GO:0046457,prostanoid biosynthetic process,1:17,29:23328,0.0209316361073548,0.0901568184620652,0.0495598885113107,20698,1,BP,Sphk1
Ery,Ery,GO:1903579,negative regulation of ATP metabolic process,1:17,30:23328,0.0216460084918425,0.0901568184620652,0.0495598885113107,12257,1,BP,Tspo
Ery,Ery,GO:0010803,regulation of tumor necrosis factor-mediated signaling pathway,1:17,31:23328,0.0223598902780749,0.0901568184620652,0.0495598885113107,20698,1,BP,Sphk1
Ery,Ery,GO:0051590,positive regulation of neurotransmitter transport,1:17,32:23328,0.0230732817819284,0.0901568184620652,0.0495598885113107,20698,1,BP,Sphk1
Ery,Ery,GO:0051354,negative regulation of oxidoreductase activity,1:17,33:23328,0.0237861833190895,0.0901568184620652,0.0495598885113107,14870,1,BP,Gstp1
Ery,Ery,GO:1903146,regulation of autophagy of mitochondrion,1:17,34:23328,0.0244985952050553,0.0901568184620652,0.0495598885113107,12257,1,BP,Tspo
Ery,Ery,GO:0045987,positive regulation of smooth muscle contraction,1:17,35:23328,0.0252105177551331,0.0901568184620652,0.0495598885113107,20698,1,BP,Sphk1
Ery,Ery,GO:0009595,detection of biotic stimulus,1:17,37:23328,0.0266328961079064,0.0914641902474674,0.05027856072083,12257,1,BP,Tspo
Ery,Ery,GO:0030574,collagen catabolic process,1:17,37:23328,0.0266328961079064,0.0914641902474674,0.05027856072083,19152,1,BP,Prtn3
Ery,Ery,GO:0072595,maintenance of protein localization in organelle,1:17,41:23328,0.029471794635295,0.0914641902474674,0.05027856072083,12257,1,BP,Tspo
Ery,Ery,GO:0044403,symbiotic process,2:17,374:23328,0.0297440672871783,0.091781693343293,0.0504530945863716,16852/50701,2,BP,Lgals1/Elane
Ery,Ery,GO:0022613,ribonucleoprotein complex biogenesis,2:17,409:23328,0.0350546222656986,0.0948408191361282,0.052134719291205,69878/57808,2,BP,Snrpf/Rpl35a
Ery,Ery,GO:0001916,positive regulation of T cell mediated cytotoxicity,1:17,51:23328,0.0365349854330348,0.0971866607578265,0.0534242462645362,15018,1,BP,H2-Q7
Ery,Ery,GO:0010823,negative regulation of mitochondrion organization,1:17,54:23328,0.0386444903630818,0.0973664147805363,0.0535230584173708,12257,1,BP,Tspo
Ery,Ery,GO:0035272,exocrine system development,1:17,54:23328,0.0386444903630818,0.0973664147805363,0.0535230584173708,109901,1,BP,Cela1
Ery,Ery,GO:0035924,cellular response to vascular endothelial growth factor stimulus,1:17,56:23328,0.0400484111165753,0.0973664147805363,0.0535230584173708,20698,1,BP,Sphk1
Ery,Ery,GO:0006749,glutathione metabolic process,1:17,57:23328,0.0407496476674096,0.0973664147805363,0.0535230584173708,14870,1,BP,Gstp1
LTHSC.1,LTHSC,GO:0003735,structural constituent of ribosome,10:44,158:22669,4.10779172579151e-13,5.422285078044789e-11,4.23751146450072e-11,20090/66047/75617/19951/14109/57808/67427/19943/19981/54217,10,MF,Rps29/Mrpl54/Rps25/Rpl32/Fau/Rpl35a/Rps20/Rpl28/Rpl37a/Rpl36
LTHSC.1,LTHSC,GO:0046977,TAP binding,4:44,12:22669,6.039994799221111e-09,3.98639656748593e-07,3.11536573854563e-07,15015/15018/21354/110557,4,MF,H2-Q4/H2-Q7/Tap1/H2-Q6
LTHSC.1,LTHSC,GO:0042610,CD8 receptor binding,3:44,11:22669,1.11352240279369e-06,4.89285457801311e-05,3.82376195091934e-05,15015/15018/110557,3,MF,H2-Q4/H2-Q7/H2-Q6
LTHSC.1,LTHSC,GO:0030881,beta-2-microglobulin binding,3:44,12:22669,1.48268320545852e-06,4.89285457801311e-05,3.82376195091934e-05,15015/15018/110557,3,MF,H2-Q4/H2-Q7/H2-Q6
LTHSC.1,LTHSC,GO:0042605,peptide antigen binding,4:44,46:22669,1.89784490897341e-06,5.01031055968981e-05,3.91555370693462e-05,15015/15018/21354/110557,4,MF,H2-Q4/H2-Q7/Tap1/H2-Q6
LTHSC.1,LTHSC,GO:0042608,T cell receptor binding,3:44,17:22669,4.55185539024555e-06,0.0001001408185854,7.82599698673796e-05,15015/15018/110557,3,MF,H2-Q4/H2-Q7/H2-Q6
LTHSC.1,LTHSC,GO:0003823,antigen binding,4:44,208:22669,0.0007013155939042,0.0102859620439286,0.0080384711348086,15015/15018/21354/110557,4,MF,H2-Q4/H2-Q7/Tap1/H2-Q6
LTHSC.1,LTHSC,GO:0043021,ribonucleoprotein complex binding,3:44,146:22669,0.0028568960519626,0.037711027885907,0.0294711382202463,57808/20643/19652,3,MF,Rpl35a/Snrpe/Rbm3
LTHSC.2,LTHSC,GO:0042605,peptide antigen binding,7:63,46:22669,4.4630610316458295e-11,8.8814914529752e-09,7.234856830246921e-09,15015/15018/14972/15039/14961/110557/15040,7,MF,H2-Q4/H2-Q7/H2-K1/H2-T22/H2-Ab1/H2-Q6/H2-T23
LTHSC.2,LTHSC,GO:0030881,beta-2-microglobulin binding,5:63,12:22669,1.09984271783975e-10,1.09434350425055e-08,8.914514660385321e-09,15015/15018/14972/110557/15040,5,MF,H2-Q4/H2-Q7/H2-K1/H2-Q6/H2-T23
LTHSC.2,LTHSC,GO:0042608,T cell receptor binding,5:63,17:22669,8.50199507734443e-10,5.63965673463847e-08,4.59406049793348e-08,15015/15018/14972/110557/15040,5,MF,H2-Q4/H2-Q7/H2-K1/H2-Q6/H2-T23
LTHSC.2,LTHSC,GO:0042610,CD8 receptor binding,4:63,11:22669,1.76106821353618e-08,8.76131436234247e-07,7.13696065485713e-07,15015/15018/14972/110557,4,MF,H2-Q4/H2-Q7/H2-K1/H2-Q6
LTHSC.2,LTHSC,GO:0046977,TAP binding,4:63,12:22669,2.63610310671506e-08,1.04916903647259e-06,8.54652375650778e-07,15015/15018/14972/110557,4,MF,H2-Q4/H2-Q7/H2-K1/H2-Q6
LTHSC.2,LTHSC,GO:0003823,antigen binding,7:63,208:22669,1.77184650293531e-06,4.40746817605158e-05,3.59032054542154e-05,15015/15018/14972/15039/14961/110557/15040,7,MF,H2-Q4/H2-Q7/H2-K1/H2-T22/H2-Ab1/H2-Q6/H2-T23
LTHSC.2,LTHSC,GO:0003735,structural constituent of ribosome,6:63,158:22669,5.10148961852778e-06,0.0001127996037874,9.1886479678746e-05,20090/75617/57808/19943/54217/20068,6,MF,Rps29/Rps25/Rpl35a/Rpl28/Rpl36/Rps17
LTHSC.2,LTHSC,GO:0042287,MHC protein binding,3:63,36:22669,0.0001367992325098,0.0027223047269455,0.0022175875585803,14972/16149/15040,3,MF,H2-K1/Cd74/H2-T23
LTHSC.2,LTHSC,GO:0004129,cytochrome-c oxidase activity,2:63,22:22669,0.0016940643204299,0.0240799142689691,0.0196154816049788,12866/12868,2,MF,Cox7a2/Cox8a
LTHSC.2,LTHSC,GO:0015002,heme-copper terminal oxidase activity,2:63,22:22669,0.0016940643204299,0.0240799142689691,0.0196154816049788,12866/12868,2,MF,Cox7a2/Cox8a
LTHSC.2,LTHSC,GO:0016676,"oxidoreductase activity, acting on a heme group of donors, oxygen as acceptor",2:63,22:22669,0.0016940643204299,0.0240799142689691,0.0196154816049788,12866/12868,2,MF,Cox7a2/Cox8a
LTHSC.2,LTHSC,GO:0030507,spectrin binding,2:63,32:22669,0.0035730398198928,0.0439989538922713,0.0358415175848177,19264/20740,2,MF,Ptprc/Sptan1
LTHSC.2,LTHSC,GO:0015078,proton transmembrane transporter activity,3:63,112:22669,0.0037587046038623,0.0439989538922713,0.0358415175848177,12866/57423/12868,3,MF,Cox7a2/Atp5j2/Cox8a
LTHSC.2,LTHSC,GO:0005088,Ras guanyl-nucleotide exchange factor activity,3:63,125:22669,0.00510802320047,0.0564720342718634,0.0460020802849351,75547/228355/13860,3,MF,Akap13/Madd/Eps8
LTHSC.2,LTHSC,GO:0043021,ribonucleoprotein complex binding,3:63,146:22669,0.0078382728870841,0.08209559497525,0.0668750152139037,57808/20643/19652,3,MF,Rpl35a/Snrpe/Rbm3
STHSC.1,STHSC,GO:0003735,structural constituent of ribosome,4:23,158:22669,1.81421957021864e-05,0.0019593571358361,0.001355890415637,19943/67941/19981/20068,4,MF,Rpl28/Rps27l/Rpl37a/Rps17
STHSC.1,STHSC,GO:0019955,cytokine binding,3:23,136:22669,0.0003425642291268,0.0184984683728507,0.0128010843515828,22695/16149/50701,3,MF,Zfp36/Cd74/Elane
STHSC.2,STHSC,GO:0003735,structural constituent of ribosome,5:36,158:22669,4.88749912076936e-06,0.0006109373900961,0.0004373025529109,66481/67427/19943/67941/19981,5,MF,Rps21/Rps20/Rpl28/Rps27l/Rpl37a
MPP,MPP,GO:0003735,structural constituent of ribosome,7:62,158:22669,2.49328038694682e-07,4.36324067715694e-05,3.30687714479263e-05,14109/19942/27395/75398/100503670/67248/67945,7,MF,Fau/Rpl27/Mrpl15/Mrpl32/Rpl5/Rpl39/Rpl41
MPP,MPP,GO:0016863,"intramolecular oxidoreductase activity, transposing C=C bonds",2:62,16:22669,0.0008616510367331,0.0523617738855105,0.0396847128395448,13177/13595,2,MF,Eci1/Ebp
MPP,MPP,GO:0004842,ubiquitin-protein transferase activity,6:62,418:22669,0.0009752715075949,0.0523617738855105,0.0396847128395448,66949/94094/68612/77891/76681/18140,6,MF,Trim59/Trim34a/Ube2c/Ube2s/Trim12a/Uhrf1
MPP,MPP,GO:0019787,ubiquitin-like protein transferase activity,6:62,435:22669,0.0011968405459545,0.0523617738855105,0.0396847128395448,66949/94094/68612/77891/76681/18140,6,MF,Trim59/Trim34a/Ube2c/Ube2s/Trim12a/Uhrf1
MPP,MPP,GO:0044389,ubiquitin-like protein ligase binding,5:62,324:22669,0.00192220740168,0.061841227753592,0.0468691410343013,15526/68612/100503670/12043/11740,5,MF,Hspa9/Ube2c/Rpl5/Bcl2/Slc25a5
MPP,MPP,GO:0048027,mRNA 5'-UTR binding,2:62,25:22669,0.0021202706658374,0.061841227753592,0.0468691410343013,30877/100503670,2,MF,Gnl3/Rpl5
MPP,MPP,GO:0000217,DNA secondary structure binding,2:62,34:22669,0.0039026951583367,0.0975673789584175,0.0739458030000638,269582/17685,2,MF,Clspn/Msh2
MEG,MEG,GO:0009055,electron transfer activity,2:25,68:22669,0.0025438761214946,0.0986154059225045,0.0650984838382277,12864/66594,2,MF,Cox6c/Uqcr11
MEG,MEG,GO:0043130,ubiquitin binding,2:25,75:22669,0.0030842919171344,0.0986154059225045,0.0650984838382277,66197/21973,2,MF,Cks2/Top2a
MEG,MEG,GO:0046982,protein heterodimerization activity,3:25,290:22669,0.0038689954382541,0.0986154059225045,0.0650984838382277,12615/12043/21973,3,MF,Cenpa/Bcl2/Top2a
MEG,MEG,GO:0031625,ubiquitin protein ligase binding,3:25,306:22669,0.0044953901946178,0.0986154059225045,0.0650984838382277,22154/12043/16476,3,MF,Tubb5/Bcl2/Jun
MEG,MEG,GO:0032182,ubiquitin-like protein binding,2:25,95:22669,0.0048962293002833,0.0986154059225045,0.0650984838382277,66197/21973,2,MF,Cks2/Top2a
MEG,MEG,GO:0044389,ubiquitin-like protein ligase binding,3:25,324:22669,0.005270000333586,0.0986154059225045,0.0650984838382277,22154/12043/16476,3,MF,Tubb5/Bcl2/Jun
MEG,MEG,GO:0061575,cyclin-dependent protein serine/threonine kinase activator activity,1:25,10:22669,0.0109758750307712,0.0986154059225045,0.0650984838382277,66197,1,MF,Cks2
MEG,MEG,GO:0070990,snRNP binding,1:25,10:22669,0.0109758750307712,0.0986154059225045,0.0650984838382277,20643,1,MF,Snrpe
MEG,MEG,GO:0043021,ribonucleoprotein complex binding,2:25,146:22669,0.0112159662202687,0.0986154059225045,0.0650984838382277,20643/19652,2,MF,Snrpe/Rbm3
MEG,MEG,GO:0070513,death domain binding,1:25,11:22669,0.0120670795466026,0.0986154059225045,0.0650984838382277,12043,1,MF,Bcl2
MEG,MEG,GO:0002020,protease binding,2:25,152:22669,0.0121111900022598,0.0986154059225045,0.0650984838382277,12043/50701,2,MF,Bcl2/Elane
MEG,MEG,GO:0016853,isomerase activity,2:25,153:22669,0.0122633681295016,0.0986154059225045,0.0650984838382277,18648/21973,2,MF,Pgam1/Top2a
MEG,MEG,GO:0043023,ribosomal large subunit binding,1:25,12:22669,0.0131571282274809,0.0986154059225045,0.0650984838382277,19652,1,MF,Rbm3
MEG,MEG,GO:0008047,enzyme activator activity,3:25,460:22669,0.0137056593214343,0.0986154059225045,0.0650984838382277,66197/11857/16476,3,MF,Cks2/Arhgdib/Jun
MEG,MEG,GO:0005372,water transmembrane transporter activity,1:25,13:22669,0.014246022246738,0.0986154059225045,0.0650984838382277,108052,1,MF,Slc14a1
MEG,MEG,GO:0035497,cAMP response element binding,1:25,13:22669,0.014246022246738,0.0986154059225045,0.0650984838382277,16476,1,MF,Jun
MEG,MEG,GO:0051400,BH domain binding,1:25,15:22669,0.0164203509880262,0.0986154059225045,0.0650984838382277,12043,1,MF,Bcl2
MEG,MEG,GO:0005092,GDP-dissociation inhibitor activity,1:25,16:22669,0.0175057880510309,0.0986154059225045,0.0650984838382277,11857,1,MF,Arhgdib
MEG,MEG,GO:0008301,"DNA binding, bending",1:25,16:22669,0.0175057880510309,0.0986154059225045,0.0650984838382277,21973,1,MF,Top2a
MEG,MEG,GO:0070492,oligosaccharide binding,1:25,17:22669,0.0185900751343628,0.0986154059225045,0.0650984838382277,16852,1,MF,Lgals1
MEG,MEG,GO:0032794,GTPase activating protein binding,1:25,19:22669,0.0207552040314637,0.0986154059225045,0.0650984838382277,22154,1,MF,Tubb5
MEG,MEG,GO:0042288,MHC class I protein binding,1:25,19:22669,0.0207552040314637,0.0986154059225045,0.0650984838382277,22154,1,MF,Tubb5
MEG,MEG,GO:0008307,structural constituent of muscle,1:25,20:22669,0.0218360481771244,0.0986154059225045,0.0650984838382277,17904,1,MF,Myl6
MEG,MEG,GO:0004622,lysophospholipase activity,1:25,21:22669,0.0229157470068995,0.0986154059225045,0.0650984838382277,68616,1,MF,Gdpd3
MEG,MEG,GO:0004129,cytochrome-c oxidase activity,1:25,22:22669,0.0239943016839049,0.0986154059225045,0.0650984838382277,12864,1,MF,Cox6c
MEG,MEG,GO:0015002,heme-copper terminal oxidase activity,1:25,22:22669,0.0239943016839049,0.0986154059225045,0.0650984838382277,12864,1,MF,Cox6c
MEG,MEG,GO:0016676,"oxidoreductase activity, acting on a heme group of donors, oxygen as acceptor",1:25,22:22669,0.0239943016839049,0.0986154059225045,0.0650984838382277,12864,1,MF,Cox6c
MEG,MEG,GO:0016881,acid-amino acid ligase activity,1:25,22:22669,0.0239943016839049,0.0986154059225045,0.0650984838382277,14630,1,MF,Gclm
MEG,MEG,GO:0016675,"oxidoreductase activity, acting on a heme group of donors",1:25,23:22669,0.0250717133701283,0.0986154059225045,0.0650984838382277,12864,1,MF,Cox6c
MEG,MEG,GO:0071837,HMG box domain binding,1:25,23:22669,0.0250717133701283,0.0986154059225045,0.0650984838382277,16476,1,MF,Jun
MEG,MEG,GO:0070412,R-SMAD binding,1:25,24:22669,0.0261479832264278,0.0995310329264024,0.0657029120120765,16476,1,MF,Jun
MEP,MEP,GO:0003735,structural constituent of ribosome,7:68,158:22669,4.74593861771437e-07,0.0001105803697927,8.44277501467083e-05,20115/54127/75617/57808/22121/100503670/67945,7,MF,Rps7/Rps28/Rps25/Rpl35a/Rpl13a/Rpl5/Rpl41
MEP,MEP,GO:0042610,CD8 receptor binding,3:68,11:22669,4.1869149940949e-06,0.0003244849349627,0.0002477431850404,15015/15018/110557,3,MF,H2-Q4/H2-Q7/H2-Q6
MEP,MEP,GO:0030881,beta-2-microglobulin binding,3:68,12:22669,5.57055682339464e-06,0.0003244849349627,0.0002477431850404,15015/15018/110557,3,MF,H2-Q4/H2-Q7/H2-Q6
MEP,MEP,GO:0046977,TAP binding,3:68,12:22669,5.57055682339464e-06,0.0003244849349627,0.0002477431850404,15015/15018/110557,3,MF,H2-Q4/H2-Q7/H2-Q6
MEP,MEP,GO:0042608,T cell receptor binding,3:68,17:22669,1.70339362415314e-05,0.0007937814288553,0.0006060495210144,15015/15018/110557,3,MF,H2-Q4/H2-Q7/H2-Q6
MEP,MEP,GO:0015078,proton transmembrane transporter activity,5:68,112:22669,2.18905088481467e-05,0.0008500814269363,0.0006490343851468,12867/12864/27425/12868/57423,5,MF,Cox7c/Cox6c/Atp5l/Cox8a/Atp5j2
MEP,MEP,GO:0004129,cytochrome-c oxidase activity,3:68,22:22669,3.81644991673179e-05,0.0009880364784427,0.00075436261512,12867/12864/12868,3,MF,Cox7c/Cox6c/Cox8a
MEP,MEP,GO:0015002,heme-copper terminal oxidase activity,3:68,22:22669,3.81644991673179e-05,0.0009880364784427,0.00075436261512,12867/12864/12868,3,MF,Cox7c/Cox6c/Cox8a
MEP,MEP,GO:0016676,"oxidoreductase activity, acting on a heme group of donors, oxygen as acceptor",3:68,22:22669,3.81644991673179e-05,0.0009880364784427,0.00075436261512,12867/12864/12868,3,MF,Cox7c/Cox6c/Cox8a
MEP,MEP,GO:0009055,electron transfer activity,4:68,68:22669,5.21811506860226e-05,0.0011052916463493,0.0008438865517643,12867/22272/12864/12868,4,MF,Cox7c/Uqcrq/Cox6c/Cox8a
MEP,MEP,GO:0042605,peptide antigen binding,3:68,46:22669,0.0003573088954382,0.00693774771976,0.0052969476604447,15015/15018/110557,3,MF,H2-Q4/H2-Q7/H2-Q6
MEP,MEP,GO:0005372,water transmembrane transporter activity,2:68,13:22669,0.0006769556046732,0.0121331273760658,0.0092636030113174,11826/108052,2,MF,Aqp1/Slc14a1
MEP,MEP,GO:0016874,ligase activity,4:68,163:22669,0.001467064005845,0.0213641195851189,0.0163114353281459,60525/27425/14630/57423,4,MF,Acss2/Atp5l/Gclm/Atp5j2
MEP,MEP,GO:0055106,ubiquitin-protein transferase regulator activity,2:68,20:22669,0.0016267832889505,0.0222965003720872,0.0170233050051174,20115/100503670,2,MF,Rps7/Rpl5
MEP,MEP,GO:0048027,mRNA 5'-UTR binding,2:68,25:22669,0.0025438761214946,0.0311959545425396,0.0238180091153792,20115/100503670,2,MF,Rps7/Rpl5
MEP,MEP,GO:0033218,amide binding,5:68,391:22669,0.0063765187627029,0.0742864435854891,0.0567174563629892,15015/15018/108155/110557/13167,5,MF,H2-Q4/H2-Q7/Ogt/H2-Q6/Dbi
MEP,MEP,GO:0015485,cholesterol binding,2:68,46:22669,0.0084278819074954,0.0935093564022113,0.0713940873366782,12257/70026,2,MF,Tspo/Tspo2
CFUe,CFUe,GO:0042610,CD8 receptor binding,3:28,11:22669,2.76607783005998e-07,1.46173782879687e-05,9.30960846292568e-06,15018/14972/110557,3,MF,H2-Q7/H2-K1/H2-Q6
CFUe,CFUe,GO:0030881,beta-2-microglobulin binding,3:28,12:22669,3.68505334990808e-07,1.46173782879687e-05,9.30960846292568e-06,15018/14972/110557,3,MF,H2-Q7/H2-K1/H2-Q6
CFUe,CFUe,GO:0046977,TAP binding,3:28,12:22669,3.68505334990808e-07,1.46173782879687e-05,9.30960846292568e-06,15018/14972/110557,3,MF,H2-Q7/H2-K1/H2-Q6
CFUe,CFUe,GO:0042608,T cell receptor binding,3:28,17:22669,1.13431416645741e-06,3.37458464521079e-05,2.14922684170878e-05,15018/14972/110557,3,MF,H2-Q7/H2-K1/H2-Q6
CFUe,CFUe,GO:0009055,electron transfer activity,4:28,68:22669,1.43579995905697e-06,3.41720390255559e-05,2.17637046425478e-05,12867/22272/12868/66594,4,MF,Cox7c/Uqcrq/Cox8a/Uqcr11
CFUe,CFUe,GO:0015078,proton transmembrane transporter activity,4:28,112:22669,1.0549145658479e-05,0.0002092247222265,0.0001332523662123,12867/11958/27425/12868,4,MF,Cox7c/Atp5k/Atp5l/Cox8a
CFUe,CFUe,GO:0042605,peptide antigen binding,3:28,46:22669,2.47217497632743e-05,0.0004202697459756,0.0002676640575873,15018/14972/110557,3,MF,H2-Q7/H2-K1/H2-Q6
CFUe,CFUe,GO:0004129,cytochrome-c oxidase activity,2:28,22:22669,0.0003346937305609,0.0039625849234934,0.0025237161830298,12867/12868,2,MF,Cox7c/Cox8a
CFUe,CFUe,GO:0015002,heme-copper terminal oxidase activity,2:28,22:22669,0.0003346937305609,0.0039625849234934,0.0025237161830298,12867/12868,2,MF,Cox7c/Cox8a
CFUe,CFUe,GO:0016676,"oxidoreductase activity, acting on a heme group of donors, oxygen as acceptor",2:28,22:22669,0.0003346937305609,0.0039625849234934,0.0025237161830298,12867/12868,2,MF,Cox7c/Cox8a
CFUe,CFUe,GO:0016675,"oxidoreductase activity, acting on a heme group of donors",2:28,23:22669,0.0003662893626758,0.0039625849234934,0.0025237161830298,12867/12868,2,MF,Cox7c/Cox8a
CFUe,CFUe,GO:0003823,antigen binding,3:28,208:22669,0.0021061276072052,0.0192791680967246,0.0122786386816822,15018/14972/110557,3,MF,H2-Q7/H2-K1/H2-Q6
CFUe,CFUe,GO:0015399,primary active transmembrane transporter activity,2:28,108:22669,0.0078407017484118,0.0622029005374008,0.0396161772551337,20335/27425,2,MF,Sec61g/Atp5l
CFUe,CFUe,GO:0061575,cyclin-dependent protein serine/threonine kinase activator activity,1:28,10:22669,0.01228566710822,0.0803745175485757,0.0511894317867974,66197,1,MF,Cks2
CFUe,CFUe,GO:0043021,ribonucleoprotein complex binding,2:28,146:22669,0.0139554751699753,0.0803745175485757,0.0511894317867974,57808/19652,2,MF,Rpl35a/Rbm3
CFUe,CFUe,GO:0003951,NAD+ kinase activity,1:28,12:22669,0.0147252737485465,0.0803745175485757,0.0511894317867974,20698,1,MF,Sphk1
CFUe,CFUe,GO:0043023,ribosomal large subunit binding,1:28,12:22669,0.0147252737485465,0.0803745175485757,0.0511894317867974,19652,1,MF,Rbm3
CFUe,CFUe,GO:0002161,aminoacyl-tRNA editing activity,1:28,13:22669,0.0159428971026992,0.0803745175485757,0.0511894317867974,102436,1,MF,Lars2
CFUe,CFUe,GO:0042800,histone methyltransferase activity (H3-K4 specific),1:28,14:22669,0.0171590693696982,0.0803745175485757,0.0511894317867974,214162,1,MF,Kmt2a
CFUe,CFUe,GO:0016874,ligase activity,2:28,163:22669,0.0171843859620562,0.0803745175485757,0.0511894317867974,27425/102436,2,MF,Atp5l/Lars2
CFUe,CFUe,GO:0004659,prenyltransferase activity,1:28,15:22669,0.0183737922148822,0.0803745175485757,0.0511894317867974,110196,1,MF,Fdps
CFUe,CFUe,GO:0008320,protein transmembrane transporter activity,1:28,15:22669,0.0183737922148822,0.0803745175485757,0.0511894317867974,20335,1,MF,Sec61g
CFUe,CFUe,GO:0045125,bioactive lipid receptor activity,1:28,15:22669,0.0183737922148822,0.0803745175485757,0.0511894317867974,20698,1,MF,Sphk1
CFUe,CFUe,GO:0140318,protein transporter activity,1:28,15:22669,0.0183737922148822,0.0803745175485757,0.0511894317867974,20335,1,MF,Sec61g
CFUe,CFUe,GO:0016863,"intramolecular oxidoreductase activity, transposing C=C bonds",1:28,16:22669,0.0195870673017537,0.0803745175485757,0.0511894317867974,17319,1,MF,Mif
CFUe,CFUe,GO:0022884,macromolecule transmembrane transporter activity,1:28,18:22669,0.022009280845387,0.0873034806867018,0.0556023937146619,20335,1,MF,Sec61g
CFUe,CFUe,GO:0042288,MHC class I protein binding,1:28,19:22669,0.0232182226199811,0.0880806384654439,0.056097354882901,14972,1,MF,H2-K1
CFUe,CFUe,GO:0070577,lysine-acetylated histone binding,1:28,20:22669,0.0244257232719298,0.0880806384654439,0.056097354882901,214162,1,MF,Kmt2a
CFUe,CFUe,GO:0140033,acetylation-dependent protein binding,1:28,20:22669,0.0244257232719298,0.0880806384654439,0.056097354882901,214162,1,MF,Kmt2a
CFUe,CFUe,GO:0008553,"proton-exporting ATPase activity, phosphorylative mechanism",1:28,22:22669,0.0268364078234336,0.0912437865996741,0.0581119207003674,27425,1,MF,Atp5l
GMP,GMP,GO:0003735,structural constituent of ribosome,8:24,158:22669,3.11669144534444e-12,2.74268847190311e-10,1.57474936185824e-10,20090/54127/14109/57808/27370/65019/67248/67671,8,MF,Rps29/Rps28/Fau/Rpl35a/Rps26/Rpl23/Rpl39/Rpl38
GMP,GMP,GO:0050544,arachidonic acid binding,2:24,10:22669,4.80903120337383e-05,0.0012922586814582,0.0007419667070573,20201/20202,2,MF,S100a8/S100a9
GMP,GMP,GO:0050542,icosanoid binding,2:24,11:22669,5.87390309753764e-05,0.0012922586814582,0.0007419667070573,20201/20202,2,MF,S100a8/S100a9
GMP,GMP,GO:0050543,icosatetraenoic acid binding,2:24,11:22669,5.87390309753764e-05,0.0012922586814582,0.0007419667070573,20201/20202,2,MF,S100a8/S100a9
GMP,GMP,GO:0035325,Toll-like receptor binding,2:24,14:22669,9.69979559166968e-05,0.0014021613791935,0.0008050687344651,20201/20202,2,MF,S100a8/S100a9
GMP,GMP,GO:0044548,S100 protein binding,2:24,14:22669,9.69979559166968e-05,0.0014021613791935,0.0008050687344651,20195/12301,2,MF,S100a11/Cacybp
GMP,GMP,GO:0048306,calcium-dependent protein binding,3:24,89:22669,0.000111535564254,0.0014021613791935,0.0008050687344651,20195/20201/20202,3,MF,S100a11/S100a8/S100a9
GMP,GMP,GO:0051787,misfolded protein binding,2:24,23:22669,0.0002681104535544,0.0026215244347542,0.0015051814936387,64136/100037258,2,MF,Sdf2l1/Dnajc3
GMP,GMP,GO:1901567,fatty acid derivative binding,2:24,35:22669,0.0006256641696612,0.0055058446930185,0.003161250541446,20201/20202,2,MF,S100a8/S100a9
GMP,GMP,GO:0016836,hydro-lyase activity,2:24,56:22669,0.0015975489952816,0.0117153592987319,0.0067265220853962,52430/13806,2,MF,Echdc2/Eno1
GMP,GMP,GO:0016209,antioxidant activity,2:24,84:22669,0.0035515328241858,0.0208356592352237,0.0119630579340997,20201/20202,2,MF,S100a8/S100a9
GMP,GMP,GO:0031625,ubiquitin protein ligase binding,3:24,306:22669,0.0039954497659351,0.0219749737126434,0.0126172097871637,15519/65019/12301,3,MF,Hsp90aa1/Rpl23/Cacybp
GMP,GMP,GO:0051087,chaperone binding,2:24,102:22669,0.0051873139929549,0.0253602017433354,0.0145608813837333,64136/100037258,2,MF,Sdf2l1/Dnajc3
GMP,GMP,GO:0015631,tubulin binding,3:24,366:22669,0.0065692063273546,0.0304257977266953,0.0174693575464279,20201/12301/20202,3,MF,S100a8/Cacybp/S100a9
GMP,GMP,GO:0044325,ion channel binding,2:24,143:22669,0.0099583684794314,0.0438168213094983,0.0251579835269847,12257/15519,2,MF,Tspo/Hsp90aa1
GMP,GMP,GO:0008503,benzodiazepine receptor activity,1:24,11:22669,0.0115869495596371,0.0463477982385485,0.0266111760221331,12257,1,MF,Tspo
GMP,GMP,GO:0019103,pyrimidine nucleotide binding,1:24,11:22669,0.0115869495596371,0.0463477982385485,0.0266111760221331,15519,1,MF,Hsp90aa1
GMP,GMP,GO:0070492,oligosaccharide binding,1:24,17:22669,0.0178527599176974,0.0654601196982239,0.0375847577214682,16852,1,MF,Lgals1
GMP,GMP,GO:0070182,DNA polymerase binding,1:24,19:22669,0.0199328911558607,0.0662213602017083,0.0380218336086363,15519,1,MF,Hsp90aa1
GMP,GMP,GO:0055106,ubiquitin-protein transferase regulator activity,1:24,20:22669,0.0209713728605961,0.0662213602017083,0.0380218336086363,65019,1,MF,Rpl23
GMP,GMP,GO:0004129,cytochrome-c oxidase activity,1:24,22:22669,0.0230451735681406,0.0662213602017083,0.0380218336086363,12866,1,MF,Cox7a2
GMP,GMP,GO:0015002,heme-copper terminal oxidase activity,1:24,22:22669,0.0230451735681406,0.0662213602017083,0.0380218336086363,12866,1,MF,Cox7a2
GMP,GMP,GO:0016676,"oxidoreductase activity, acting on a heme group of donors, oxygen as acceptor",1:24,22:22669,0.0230451735681406,0.0662213602017083,0.0380218336086363,12866,1,MF,Cox7a2
GMP,GMP,GO:0048156,tau protein binding,1:24,22:22669,0.0230451735681406,0.0662213602017083,0.0380218336086363,15519,1,MF,Hsp90aa1
GMP,GMP,GO:0016675,"oxidoreductase activity, acting on a heme group of donors",1:24,23:22669,0.024080494618803,0.0662213602017083,0.0380218336086363,12866,1,MF,Cox7a2
GMP,GMP,GO:0043177,organic acid binding,2:24,241:22669,0.0266381900741449,0.0683386699613881,0.0392375138534286,20201/20202,2,MF,S100a8/S100a9
GMP,GMP,GO:0000030,mannosyltransferase activity,1:24,26:22669,0.0271801528255521,0.0683386699613881,0.0392375138534286,64136,1,MF,Sdf2l1
GMP,GMP,GO:0044183,protein folding chaperone,1:24,26:22669,0.0271801528255521,0.0683386699613881,0.0392375138534286,15519,1,MF,Hsp90aa1
GMP,GMP,GO:0001223,transcription coactivator binding,1:24,28:22669,0.0292413477127297,0.0714788499644503,0.0410404880178662,65019,1,MF,Rpl23
GMP,GMP,GO:0043236,laminin binding,1:24,32:22669,0.0333511887337782,0.077234331804539,0.0443450708925582,16852,1,MF,Lgals1
GMP,GMP,GO:0097718,disordered domain specific binding,1:24,34:22669,0.0353998511142507,0.0798765871295913,0.0458621552897175,15519,1,MF,Hsp90aa1
CMP,CMP,GO:0043539,protein serine/threonine kinase activator activity,2:22,42:22669,0.0007561119977215,0.0606060309419121,0.0324478750051979,66197/18712,2,MF,Cks2/Pim1
CMP,CMP,GO:0030295,protein kinase activator activity,2:22,83:22669,0.0029173843436669,0.0606060309419121,0.0324478750051979,66197/18712,2,MF,Cks2/Pim1
CMP,CMP,GO:0048306,calcium-dependent protein binding,2:22,89:22669,0.0033453875043267,0.0606060309419121,0.0324478750051979,20195/20201,2,MF,S100a11/S100a8
CMP,CMP,GO:0019209,kinase activator activity,2:22,90:22669,0.0034194136944954,0.0606060309419121,0.0324478750051979,66197/18712,2,MF,Cks2/Pim1
CMP,CMP,GO:0043021,ribonucleoprotein complex binding,2:22,146:22669,0.0087457791931393,0.0606060309419121,0.0324478750051979,57808/18712,2,MF,Rpl35a/Pim1
CMP,CMP,GO:0004175,endopeptidase activity,3:22,453:22669,0.0092048565028844,0.0606060309419121,0.0324478750051979,13024/73106/50701,3,MF,Ctla2a/Prss57/Elane
CMP,CMP,GO:0002020,protease binding,2:22,152:22669,0.0094487497448909,0.0606060309419121,0.0324478750051979,16819/50701,2,MF,Lcn2/Elane
CMP,CMP,GO:0008047,enzyme activator activity,3:22,460:22669,0.0095970089352724,0.0606060309419121,0.0324478750051979,66197/18712/16476,3,MF,Cks2/Pim1/Jun
CMP,CMP,GO:0050544,arachidonic acid binding,1:22,10:22669,0.009664519955796,0.0606060309419121,0.0324478750051979,20201,1,MF,S100a8
CMP,CMP,GO:0061575,cyclin-dependent protein serine/threonine kinase activator activity,1:22,10:22669,0.009664519955796,0.0606060309419121,0.0324478750051979,66197,1,MF,Cks2
CMP,CMP,GO:0008201,heparin binding,2:22,156:22669,0.0099310332508101,0.0606060309419121,0.0324478750051979,73106/50701,2,MF,Prss57/Elane
CMP,CMP,GO:0003735,structural constituent of ribosome,2:22,158:22669,0.010176234568987,0.0606060309419121,0.0324478750051979,54127/57808,2,MF,Rps28/Rpl35a
CMP,CMP,GO:0042610,CD8 receptor binding,1:22,11:22669,0.0106260531461829,0.0606060309419121,0.0324478750051979,14972,1,MF,H2-K1
CMP,CMP,GO:0050542,icosanoid binding,1:22,11:22669,0.0106260531461829,0.0606060309419121,0.0324478750051979,20201,1,MF,S100a8
CMP,CMP,GO:0050543,icosatetraenoic acid binding,1:22,11:22669,0.0106260531461829,0.0606060309419121,0.0324478750051979,20201,1,MF,S100a8
CMP,CMP,GO:0030881,beta-2-microglobulin binding,1:22,12:22669,0.0115866951636064,0.0606060309419121,0.0324478750051979,14972,1,MF,H2-K1
CMP,CMP,GO:0046977,TAP binding,1:22,12:22669,0.0115866951636064,0.0606060309419121,0.0324478750051979,14972,1,MF,H2-K1
CMP,CMP,GO:0019887,protein kinase regulator activity,2:22,170:22669,0.01170362260512,0.0606060309419121,0.0324478750051979,66197/18712,2,MF,Cks2/Pim1
CMP,CMP,GO:0002161,aminoacyl-tRNA editing activity,1:22,13:22669,0.0125464467947315,0.0606060309419121,0.0324478750051979,102436,1,MF,Lars2
CMP,CMP,GO:0035497,cAMP response element binding,1:22,13:22669,0.0125464467947315,0.0606060309419121,0.0324478750051979,16476,1,MF,Jun
CMP,CMP,GO:0005545,1-phosphatidylinositol binding,1:22,14:22669,0.0135053088255631,0.0606060309419121,0.0324478750051979,69368,1,MF,Wdfy1
CMP,CMP,GO:0035325,Toll-like receptor binding,1:22,14:22669,0.0135053088255631,0.0606060309419121,0.0324478750051979,20201,1,MF,S100a8
CMP,CMP,GO:0044548,S100 protein binding,1:22,14:22669,0.0135053088255631,0.0606060309419121,0.0324478750051979,20195,1,MF,S100a11
CMP,CMP,GO:0004252,serine-type endopeptidase activity,2:22,186:22669,0.0138870798683059,0.0606060309419121,0.0324478750051979,73106/50701,2,MF,Prss57/Elane
CMP,CMP,GO:0008320,protein transmembrane transporter activity,1:22,15:22669,0.0144632820414461,0.0606060309419121,0.0324478750051979,20335,1,MF,Sec61g
CMP,CMP,GO:0140318,protein transporter activity,1:22,15:22669,0.0144632820414461,0.0606060309419121,0.0324478750051979,20335,1,MF,Sec61g
CMP,CMP,GO:0043024,ribosomal small subunit binding,1:22,16:22669,0.0154203672270684,0.0606060309419121,0.0324478750051979,18712,1,MF,Pim1
CMP,CMP,GO:0019207,kinase regulator activity,2:22,202:22669,0.0162337230253142,0.0606060309419121,0.0324478750051979,66197/18712,2,MF,Cks2/Pim1
CMP,CMP,GO:0042608,T cell receptor binding,1:22,17:22669,0.0163765651664587,0.0606060309419121,0.0324478750051979,14972,1,MF,H2-K1
CMP,CMP,GO:0070492,oligosaccharide binding,1:22,17:22669,0.0163765651664587,0.0606060309419121,0.0324478750051979,16852,1,MF,Lgals1
CMP,CMP,GO:0008236,serine-type peptidase activity,2:22,207:22669,0.016999709527225,0.0606060309419121,0.0324478750051979,73106/50701,2,MF,Prss57/Elane
CMP,CMP,GO:0022884,macromolecule transmembrane transporter activity,1:22,18:22669,0.0173318766429876,0.0606060309419121,0.0324478750051979,20335,1,MF,Sec61g
CMP,CMP,GO:0017171,serine hydrolase activity,2:22,212:22669,0.0177809828603587,0.0606060309419121,0.0324478750051979,73106/50701,2,MF,Prss57/Elane
CMP,CMP,GO:0005539,glycosaminoglycan binding,2:22,213:22669,0.0179390585717835,0.0606060309419121,0.0324478750051979,73106/50701,2,MF,Prss57/Elane
CMP,CMP,GO:0042288,MHC class I protein binding,1:22,19:22669,0.01828630243937,0.0606060309419121,0.0324478750051979,14972,1,MF,H2-K1
CMP,CMP,GO:0004129,cytochrome-c oxidase activity,1:22,22:22669,0.021144273564931,0.0625131482134193,0.0334689269019214,12866,1,MF,Cox7a2
CMP,CMP,GO:0015002,heme-copper terminal oxidase activity,1:22,22:22669,0.021144273564931,0.0625131482134193,0.0334689269019214,12866,1,MF,Cox7a2
CMP,CMP,GO:0016676,"oxidoreductase activity, acting on a heme group of donors, oxygen as acceptor",1:22,22:22669,0.021144273564931,0.0625131482134193,0.0334689269019214,12866,1,MF,Cox7a2
CMP,CMP,GO:0016675,"oxidoreductase activity, acting on a heme group of donors",1:22,23:22669,0.022095164454743,0.0625131482134193,0.0334689269019214,12866,1,MF,Cox7a2
CMP,CMP,GO:0071837,HMG box domain binding,1:22,23:22669,0.022095164454743,0.0625131482134193,0.0334689269019214,16476,1,MF,Jun
CMP,CMP,GO:0070412,R-SMAD binding,1:22,24:22669,0.02304517356814,0.0636485746167675,0.0340768230706831,16476,1,MF,Jun
CMP,CMP,GO:1904680,peptide transmembrane transporter activity,1:22,27:22669,0.0258899180344019,0.0686233750466855,0.0367402824660113,20335,1,MF,Sec61g
CMP,CMP,GO:1901681,sulfur compound binding,2:22,260:22669,0.026029556052191,0.0686233750466855,0.0367402824660113,73106/50701,2,MF,Prss57/Elane
CMP,CMP,GO:0043236,laminin binding,1:22,32:22669,0.0306135958411889,0.0771995025560417,0.0413318570853581,16852,1,MF,Lgals1
CMP,CMP,GO:1901567,fatty acid derivative binding,1:22,35:22669,0.0334372988373677,0.0808701246478715,0.0432970721798949,20201,1,MF,S100a8
CMP,CMP,GO:0060589,nucleoside-triphosphatase regulator activity,2:22,298:22669,0.0334634998542916,0.0808701246478715,0.0432970721798949,16476/11983,2,MF,Jun/Atpif1
CMP,CMP,GO:0004812,aminoacyl-tRNA ligase activity,1:22,41:22669,0.0390611688178684,0.0871364535167833,0.0466520032440128,102436,1,MF,Lars2
CMP,CMP,GO:0016875,"ligase activity, forming carbon-oxygen bonds",1:22,41:22669,0.0390611688178684,0.0871364535167833,0.0466520032440128,102436,1,MF,Lars2
CMP,CMP,GO:0042605,peptide antigen binding,1:22,46:22669,0.0437238539640284,0.0939253159227278,0.0502866936428397,14972,1,MF,H2-K1
CMP,CMP,GO:0001102,RNA polymerase II activating transcription factor binding,1:22,49:22669,0.046511090580604,0.0963444019169654,0.0515818485762337,16476,1,MF,Jun
Ery,Ery,GO:0003735,structural constituent of ribosome,3:18,158:22669,0.0002510195579928,0.009728848667612,0.0048706687809611,57808/67248/68836,3,MF,Rpl35a/Rpl39/Mrpl52
Ery,Ery,GO:0004175,endopeptidase activity,4:18,453:22669,0.0003854887091594,0.009728848667612,0.0048706687809611,19152/13034/109901/50701,4,MF,Prtn3/Ctse/Cela1/Elane
Ery,Ery,GO:0004252,serine-type endopeptidase activity,3:18,186:22669,0.0004050326201462,0.009728848667612,0.0048706687809611,19152/109901/50701,3,MF,Prtn3/Cela1/Elane
Ery,Ery,GO:0008236,serine-type peptidase activity,3:18,207:22669,0.0005534135563628,0.009728848667612,0.0048706687809611,19152/109901/50701,3,MF,Prtn3/Cela1/Elane
Ery,Ery,GO:0017171,serine hydrolase activity,3:18,212:22669,0.0005932224797324,0.009728848667612,0.0048706687809611,19152/109901/50701,3,MF,Prtn3/Cela1/Elane
Ery,Ery,GO:0008503,benzodiazepine receptor activity,1:18,11:22669,0.0087017121986886,0.0618857703695894,0.0309826064751475,12257,1,MF,Tspo
Ery,Ery,GO:0042610,CD8 receptor binding,1:18,11:22669,0.0087017121986886,0.0618857703695894,0.0309826064751475,15018,1,MF,H2-Q7
Ery,Ery,GO:0003951,NAD+ kinase activity,1:18,12:22669,0.0094892207687489,0.0618857703695894,0.0309826064751475,20698,1,MF,Sphk1
Ery,Ery,GO:0030881,beta-2-microglobulin binding,1:18,12:22669,0.0094892207687489,0.0618857703695894,0.0309826064751475,15018,1,MF,H2-Q7
Ery,Ery,GO:0031386,protein tag,1:18,12:22669,0.0094892207687489,0.0618857703695894,0.0309826064751475,66177,1,MF,Ubl5
Ery,Ery,GO:0046977,TAP binding,1:18,12:22669,0.0094892207687489,0.0618857703695894,0.0309826064751475,15018,1,MF,H2-Q7
Ery,Ery,GO:0002161,aminoacyl-tRNA editing activity,1:18,13:22669,0.0102761384553872,0.0618857703695894,0.0309826064751475,102436,1,MF,Lars2
Ery,Ery,GO:0008432,JUN kinase binding,1:18,15:22669,0.0118482028472835,0.0618857703695894,0.0309826064751475,14870,1,MF,Gstp1
Ery,Ery,GO:0045125,bioactive lipid receptor activity,1:18,15:22669,0.0118482028472835,0.0618857703695894,0.0309826064751475,20698,1,MF,Sphk1
Ery,Ery,GO:0042608,T cell receptor binding,1:18,17:22669,0.0134179087093882,0.0618857703695894,0.0309826064751475,15018,1,MF,H2-Q7
Ery,Ery,GO:0070492,oligosaccharide binding,1:18,17:22669,0.0134179087093882,0.0618857703695894,0.0309826064751475,16852,1,MF,Lgals1
Ery,Ery,GO:0043295,glutathione binding,1:18,18:22669,0.0142018782327521,0.0618857703695894,0.0309826064751475,14870,1,MF,Gstp1
Ery,Ery,GO:1900750,oligopeptide binding,1:18,18:22669,0.0142018782327521,0.0618857703695894,0.0309826064751475,14870,1,MF,Gstp1
Ery,Ery,GO:0004602,glutathione peroxidase activity,1:18,20:22669,0.015768052543656,0.0618857703695894,0.0309826064751475,14870,1,MF,Gstp1
Ery,Ery,GO:0004129,cytochrome-c oxidase activity,1:18,22:22669,0.0173318766429875,0.0618857703695894,0.0309826064751475,12868,1,MF,Cox8a
Ery,Ery,GO:0015002,heme-copper terminal oxidase activity,1:18,22:22669,0.0173318766429875,0.0618857703695894,0.0309826064751475,12868,1,MF,Cox8a
Ery,Ery,GO:0016676,"oxidoreductase activity, acting on a heme group of donors, oxygen as acceptor",1:18,22:22669,0.0173318766429875,0.0618857703695894,0.0309826064751475,12868,1,MF,Cox8a
Ery,Ery,GO:1901681,sulfur compound binding,2:18,260:22669,0.0177648226184747,0.0618857703695894,0.0309826064751475,14870/50701,2,MF,Gstp1/Elane
Ery,Ery,GO:0016675,"oxidoreductase activity, acting on a heme group of donors",1:18,23:22669,0.0181129084008554,0.0618857703695894,0.0309826064751475,12868,1,MF,Cox8a
Ery,Ery,GO:0004364,glutathione transferase activity,1:18,30:22669,0.023563737250306,0.0715639427601887,0.0358279045911086,14870,1,MF,Gstp1
Ery,Ery,GO:0043236,laminin binding,1:18,32:22669,0.0251158599976498,0.0731859015722561,0.0366399250490114,16852,1,MF,Lgals1
Ery,Ery,GO:0051721,protein phosphatase 2A binding,1:18,38:22669,0.0297582592489357,0.081339241947091,0.040721828445912,20698,1,MF,Sphk1
Ery,Ery,GO:0004812,aminoacyl-tRNA ligase activity,1:18,41:22669,0.0320716216641265,0.0821835305143241,0.0411445146348991,102436,1,MF,Lars2
Ery,Ery,GO:0016875,"ligase activity, forming carbon-oxygen bonds",1:18,41:22669,0.0320716216641265,0.0821835305143241,0.0411445146348991,102436,1,MF,Lars2
Ery,Ery,GO:0061631,ubiquitin conjugating enzyme activity,1:18,45:22669,0.0351480022818251,0.0838693456691061,0.0419885042502585,68612,1,MF,Ube2c
Ery,Ery,GO:0015485,cholesterol binding,1:18,46:22669,0.0359156532701091,0.0838693456691061,0.0419885042502585,12257,1,MF,Tspo
Ery,Ery,GO:0061650,ubiquitin-like protein conjugating enzyme activity,1:18,48:22669,0.0374492251060931,0.0838693456691061,0.0419885042502585,68612,1,MF,Ube2c
Ery,Ery,GO:0005504,fatty acid binding,1:18,52:22669,0.0405094596300387,0.086779298996441,0.0434453486631733,14870,1,MF,Gstp1
Ery,Ery,GO:0050840,extracellular matrix binding,1:18,61:22669,0.0473614241351826,0.090317134397325,0.0452165371180446,16852,1,MF,Lgals1
Ery,Ery,GO:0009055,electron transfer activity,1:18,68:22669,0.0526587522461802,0.0981367655496995,0.0491313717129433,12868,1,MF,Cox8a
